Artist,Song
The Infinite Source,Black Panther Vs Batman Rap Battle
Cakes da Killa,Don't Make Cents
The Capitalist Kids,Toynbee Idea
DJ Michael 5000 Watts,Straight Shot (Chopped & Screwed)
The Pourmen,Day Drinking
Bjordan,Red Desert Blues
DISPATCH,Father Christmas
OSRSBeatz,Born To Do This
Ernest Bloch,Concerto grosso No 1 I Prelude Allegro energico e pesante
Matthewdavids Mindflight,Ride The Train into Forever
Whitney Peyton,Summer
Beverly Hills Pet Spa,Cobble Stone Relaxation
Deandre Bennett,SKKRT
Scoop,Till
Marcelle Meyer,"Preludes, Book 1, L 117 No 6, Des pas sur la neige"
Joe Hall & The Louisiana Cane Cutters,Accordion Two Step
Tryhardninja,Destiny Screams
The Relay Company,Free Fallin'
Magix Enga,Zikki (Black Woman)
Yb Puerto Rico,Wake up Get Paid
Sunspot Jonz,Octopus Pretzel
Scowl Brow,Don't Give a Damn
Jolyon Petch,Fast Car - Rave Radio Remix
Tony Tillman,Granny's Couch (Acapella)
Hakobune,Halfpace
Dwayne Dopsie,Andree Jones
ViolinGamer,Rival's Theme (From Pokmon Omega Ruby  Alpha Sapphire)
Clear Plastic Masks,Buffalo
Rhadow,Fragments
Ned LeDoux,Rudolph the Red-Nosed Reindeer
Rodney Crowell,Tobacco Road
Sergio Caratachea Alvarez,Solo Veracruz Es Bello (Mariachi Jalisco en la Piel)
Shabazz PBG,Box
Mize,Wrist
IDK,God Said Trap (King Trappy III) [Instrumental]
Zoom Soon Bao,Djaravi
Almost People,Heaven in Hell
Calboy,Chariot (feat Meek Mill & Lil Durk)
Armchair Boogie,American Spirit
George Dean and The Gospel Four,Kneel and Heal
suitcase rhodes,la boulangerie
JxJury,Bean
Yung Joc,Movin & Groovin (feat Polo 2G)
Rockie Fresh,Down to Roll
The Very Nice Interesting Singer Man,Field Hockey
Adia Victoria,"Backwards Blues (30 Days, 30 Songs)"
Lana Del Rabies,Coward (Black Baptist Remix)
Ted Winn,U R the Reason
David Dondero,Bio-illogical Father
Kyle Bent,Law of Attraction
Mykah,Kakariko Village (From The Legend of Zelda Ocarina of Time).webm
Tsuyunoshi,perfect timing
Big Freedia,Good Times
Mordechai Shapiro,Ki Malachov
Water Sound Natural White Noise,Underwater Healing 528hz
Pikers,Ziomy Gibony Balkony
Radio Romance,Like the Moon
Veronique Medrano,La Chancla
Tommy Duncan,The Parting of the Ways - Remastered
Mickey Lamantia,Hes My Dad
Will Blunderfield,Intro - Live
Lino Borges,Raro presagio - Remastered
Rudy Kalma,Center
Sol Seed,How Could It Be
Doug Figgs,Texas Plains
Geek Music,Run Through The Jungle (From Jungle Cruise)
BeezyB,Shooting At You
Uncle Murda,Cam'ron Voice (Remix) (feat Cam'ron)
Meditation Music Zone,Journey with Elephants
Wavytheking,"Bands & Bows, Pt 1"
Pigeon Hole,Wide Eyed
Drakkar Sauna,"Once More, For Chick Blundy"
Idina Menzel,Sleigh Ride
Jam in the Van,"Machine Gun - Live Session, Los Angeles, CA, 2017"
Andrew Alli,Goin' Down South
Papoose,The Golden Child (feat Remy Ma & Angelica Vila)
Realm Of Chaos,Poiesis
Point Blank,I Just Wanna Say
Ennzo Dias,The Queens - Nathan Lima Remix
Enduser,Collapse - Original
Baillie & The Boys,The House My Daddy Built
Alessandro Cerino,Mestieri
Goodbye Tomorrow,Keep That
Robynn Shayne,"Nothin' Crazy About You, But Me"
Granizo Rojo,Todo Lo Que Hago - Remix
Ben Rosett,Pixel Fairy
Justin Townes Earle,Appalachian Nightmare
Smart Baby Lullabies,Nights Rest
The Jonah Project,Adam
Chalk Dinosaur,Smiling Lotus
Meditation Music Zone,Ethnic Tribe Drum
Circle of Notes,homura (Morning Beauty Piano Cover) Theme - From The Movie Demon Slayer Kimetsu no Yaiba
Toss the Possum,Fleur de Mandragore - Live
Meadowlark,Pink Heart - Yoste Remix
Destra,Closer
Spice 1,Studio Gangstas
Honeyuck,Just Like Honey
Los Caporales de Chihuahua,Por Que No
Duck Baker,Fire Down There
Sivade,First Fang Pierce
EMBRZ,Like It Or Not (feat joan) - JNTHN STEIN Remix
Awana,1 John 49
Well Well Well,Work Here Is Finished
Moka Only,Evergreen Scene
AcaBelles,Lose My Cool  It's Not All About You
Nedarb,0002
Sharm,Elune-Adore
Kevo Muney,Wake Up Early (feat BigWalkDog)
Casey Donahew,White Trash Story
Subtonic,Venom
Cats Music Zone,Niagara Falls Noise
Limi-T 21,Dj Sbelo - PopUrban Version
Solarstone,Querencia
Agony Reigns,Unquiet
Shamanic Drumming World,Spirit Quest
KYLE,But Cha (feat Josh Golden)
03osc,Let Go
Young-Chhaylee,Call on Love
Don Dinero,THE PLUG
C Lanzbom,Colorado
Mother's Finest,Cling to the Cross
Robb Bank$,WTF
Major Murphy,In the Meantime
Gideon,2 CLOSE (feat Drew York)
Essonite,Dream Delivery
Yatta,Hit Dat Road Jack
Norteisimo Zierra Azul,Y Me Da Vergenza
Lucky Luciano,Bought a Bottle (feat Dat Boi T)
Terri Matheson,I Will Follow You into the Dark
EC Illa,Did Ya See Him
Palya Bea,Szalads
Brian Wilson,Right Where I Belong (Single from Brian Wilson Long Promised Road Soundtrack)
Vic Juris,Beautiful Love
Vl Deck,Ghost
Forgiato Blow,Speedin'
Meditation Music Zone,Sounds Like Africa
Young Dro,Working
Joeski,Flashbacks (feat Boo Banga)
Roboctopus,Give My Regards to the Tigers
Pile,Cut from First Other Tape
Oasis of Relaxation and Meditation,Yin Yoga Music
Reiki Tribe,Relaxing Soul
Monday Night,Russian Cream
Los Ayudantes del Rancho,Pena Clavada - En Vivo
Shanghai Symphony Orchestra,"Long March Symphony II Red Army, the Beloved of the Various Nationalities"
Wafiq Azizah,Koco Bureng
resort realism,nitecap
Aqueous,Don't Do It (Live)
A Step Ahead,Elevated
48,Happy Xmas operation
Outlander,I'll Get Mine Too
JuanHunnit,Make it Work
Danny Cocke,Cat And Mouse
Paris Winningham,Close The Door - The Voice Performance
Ani DiFranco,"Play God (Live from Red Rocks) [30 Days, 30 Songs]"
Obie Hans,Change in the Air
The Pauses,Digital Detox - Audiotree Live Version
Kizzl,Emoji Kiss
Guided Meditation Music Zone,Deep Meditation
Ravenface,Breathe Again
Kodak Black,Mama (feat Jadakiss & TXS)
Doe Boy,Add Up (feat Lil Lonnie)
Lil Data,Change
Dario Crisman,This Is Not the End
Andr Costello and the Cool Minors,NSA
Sedona Breeze,We Three Kings of Orient Are
DJ LILMAN,Put Ya Back Into It
Herzeloyde,Loco
Osian Ellis,Presto
Katastro,Back to You
SHADED,need u more
Chucc 1,Run That Bacc
Freesoul,KONOSUBA RAP
Dollar Signs,Smoking Outside
George Gershwin,Variations on I Got Rhythm
George Anthony,You Should've Told Me - Willie Valentin Extended Edit Mix
Felix Draeseke,"Scene for Violin & Piano, Op 69"
Guerrilla Theory,Intro
Dry Branch Fire Squad,Rock Salt and Nails
Los Fantasmas del Valle,La Rafaila
Nature Recordings,Passing Showers
Matt Jordan,Never Look Back
Skarlet Official,No Le Digas
Petal Supply,It's U (Diamond Version)
Sleeping Baby Music,Child's Development Music (Piano & Lively Vibes)
ONBC,Tell Me You Don't Love Me Watching
Degradations,Celestial Decay
North Base,Planet X
Monument Banks,Mouse Trap - Original Mix
Sharrod Sloans,Lena Horne
iFeature,Order and Chaos
Freddy & Francine,Ain't No Way
"Kundalini Yoga, Meditation, Relaxation",The Break of Calm
Daniel Weatherspoon,Thursday
Sper Banda Exclusiva de Tierra Caliente,Gusto a Tierra Caliente
Jogging House,Current
The Hedgerow Folk,Never a Day
Arkansas Gospel Mass Choir,King Of Kings
Fragarak,This Chastising Masquerade
Nine Days,So Called Perfect Life (Demo)
CrazyGroupTrio,The Vast Everlasting
Ca$h Out,Creed (feat Pusha T)
Ana Whiterose,Wanted to Tell You
DirtySnatcha,Rush
Paleos,Jekyll's Hyde
Vellione,No Where Fast
J-Diggs,Now You Want Yo Nigga Back (feat Aaron King)
HoopsandHipHop,Wolven Storm (Priscilla's Song) [From The Witcher 3 Wild Hunt]
Dollys,How Charming
Ryan Keberle,Ostinato (Prelude)
Mark Battles,Wait On It
High Highs,Catch the Wind - Northeast Kingdom Remix
Lullabies for Deep Meditation,Inner Silence
Nelly,Freaky with You (feat Jacquees)
Uncle Murda,Rap Up 2019
Enoid,Erviv
Hailey Whitters,"Dream, Girl (Live In Studio)"
Edgar Vigil,Daniel Maldonado
Organized Noize,The Art of Organized Noize
Nastic Groove,Trust (feat Xigubu) - Addz Remix
People Museum,Cherry
Wavvy,Guava
idontknowjeffery,Money On My Mind
Willie Clayton,Don't Wanna Be Alone
Mike Bloomfield,Walkin' the Floor
Hog Mob,Outside
Local Violence,Good Enough
Mozzy,Can't Take It (Ima Gangsta)
Kyle Craft,Before the Wall
Kwika Aspili,I Am Not American
Klaxel,Te Quiero Ver
Chase Petra,In an Emergency Such as the End of the World
Juiceboxxx,Coinstar Song
Andie Case,Sorry Not Sorry
The Veer Union,Slaves to the System (Acoustic)
Freeza Boy,F My X
Amanda Anne Platt & the Honeycutters,New York
Yung Cinco,Local Hustlers (feat Marissa Rivera & J Diggs)
Raymond Fairchild,Maggie Valley Bound
Skilla Baby,Flava in Ya Ear
King Theta,Backwards
BoozaKeepScorin,Blood on the Floor
Ohdatsrida,its up
Low Water Bridge Band,Headwinds
Tum Tum,I'm Da Shit
Typical Hawaiians,Aloha Summer Time
Guardians of the Secret,Concrete Coffin
El Chaval de la Bachata,No Soy Tu Marido
Sex Music Zone,Sexy Lounge Hotel Room
Son Volt,Devil May Care
John Oeth,Ronfaure (From Final Fantasy XI) - Acoustic
The Cat and Owl,Everlong
Laroo,Mob Picture
King Theta,Disguised
Hitta Jugg,1019Workhorse
James Ellis and the Jealous Guys,Xmas Lights
Cuban Doll,Rat Bitch
Onlybino!,Danny Phantom
Brojob,Unused (B-Side Intrumental)
Los Primos de la Baja,Sin Exagerar
Andreas Moss,Chaka Khan (Kingdom 93 Remix)
Marilyn Maye,I Cried for You (Live)
Trouble,Tell U Dat - Remix
Tammie Brown,Gingerbread House
Maor Levi,4U - Original Mix
OSRSBeatz,Pest Control
Sookee,Queere Tiere
George Winter,Lake Loon Sounds
Ethel Merman,"Bells Are Ringing, Act I Bells Are Ringing"
Ferdinand fka Left Boy,Sweet Goodbye
Buddhist Meditation Music Set,Thai Massage Music
Meditation Music Zone,Traditional Rituals
Study + Chill LoFi,No More Time to Waste
Ada Jones,Fancy Little Nancy (Recorded 1907) [Edison 9464 Comic Ragtime Song]
Parris Chariz,Young $lick
BassedOlaf,I'm Dead Cypher
Eslam Fahmy,Ahmar Ya Shal
Kin Faux,Drinkin' Problems
The Lowdown Drifters,Red Rock
Mad Dog and the 2020s,Shelf Life
Guided Meditation Music Zone,Relaxing Music with Love
Starlito,Daily Routine
I Am Spartacus,Go Fund Yourself
Richie Branson,"Finally, I Got to Make a Space Kid Song! (From Camp Camp Season 2)"
Fresh The Clowns,Dancing Got Me
Levi Parker,"7,000 Feet"
Otto Wahl,Moods Of The Valley
Jacob Fred Jazz Odyssey,Improv Dallas - Live
Day by Dave,Council of Water Sheep
Lil Yase,More (feat Itsfatfat)
Ravenscoon,Moon Theory
Harry and the Potters,The Yule Ball (2010)
Bruce Banna,Head Bussa
Zen Meditation and Natural White Noise and New Age Deep Massage,Moons Grace
Brendan Abernathy,You Are Loved
Jartisto,Pirates of the Caribbean On Stranger Tides End Credits
Conradin Kreutzer,"6 Gesnge, Op 101 No 1, Wohin"
Burga,I'll Wait
Zaki,Snaggletooth Pumpkin
Self Provoked,Take You Home
Yung 187,What You Need
2 LIVE CREW,How Bout Dem Cowboys Explicit Extended
WESTSIDE BOOGIE,Deja Vu
Roland Tings,One Hundred (feat HIGH HPS)
Young Dolph,Major (feat Key Glock)
Toosii,Dark Fights
The Young Step,Dark Side of Town
03 Greedo,Baccstage (feat Shordie Shordie & Wallie The Sensei)
Asher Monroe,Good vs Evil
Tippu,Jai Ganesh Deva
Mourning Run,badcharlotte
Deterioration,A Rope Made for Strangulation  Orphan Donor
Jucee Froot,Fcked Up
Big G,You & Me
Curved Light,Pervasive Structures
MC Brankim,Tu Quer Pente
Def3,Fill Your Soul (Remix)
Lil Ronny Motha F,I Like
Kolektif An Wout,Kon Sa Y La
Austin Grimm,Hole in My Heart
Bright Light Bright Light,West End Girls (Vinny Vero & Steve Miglioni Remix)
PHresher,My Circle
The Patti Fiasco,Body Language
SubtractiveLAD,Embers and Snow (Remastered)
The Ides of June,Lucy
I Fight Fail,Cute Without the E (Cut from the Team)
Snoop Dogg,Blessed & Highly Favored (Remix) [feat The Clark Sisters]
Yi Chen,Fiddle Suite III Dancing (for Jinghu)
Krosis,Feed
Holly Bowling,Dark Star (Live)
Oliver Wilde,"Without You, Die Hard's Not The Same"
Bingx,How You Found Me
Spooky Locz,Modesto Cali's Finest (feat $horty)
Frank Nagai,Roman no Machi
Katie Noel,Diesel Gang - Acoustic
O B Buchana,I Like the Way You Swing
Brooke Fraser,Human (IV Fridays)
Cory Jackson,Put Some Country in Your Country
TNT Tez,Off White
El Nino,Laska z bloku
Brainstorm,Nothing - Remixed & Remastered
Slow Burning Daydream,Morichro
TVBOO,Skrawberries (A True Love Song)
eskelite,real bad
Jester,Know I'm Not
TWERL,Come Down
Nathan Allen,Stuck with U - Saxophone Version
Slomo Drags,Guns! (Baby)
Jonah Hnom,Clickbait
Randy Rogers,Ode to Ben Dorcy (Lovey's Song)
The Modern Jazz Quartet,The Legendary Profile
Y La Bamba,Entre Los Dos
Classical Jazz Piano,Clear the Table
Vibe Street,Back Like Jordan
Franz Vorraber,"6 Variations on Paisiello's Salve tu, Domine, K 398"
Calidore String Quartet,"String Quartet No 6, Op 80, MWV R 37 III Adagio"
Engelwood,Always Thinking of You (Instrumental)
Joe Budden,By Law
Ernie Johnson From Detroit,Tweedjall
Geek Music,Arrested Development - Main Theme
We Are Defiance,Giving Up
Richard Stoelzel,Concerto I Allegro Moderato
Benny,Not Gone Jaws
Israel Houghton,Free Indeed (You Said I Am)
Nicky Trakks,Teenage Mutant Ninja Turtles Cypher
Friendship,Rich Man
Stem Cells,8x10
Diablo,Be Great
Brielle Lesley,As Long As
Gyptian,Island Queen
Steve B,Knowing You
Motherhood,Reprise
Lilcockpump,Wake Up
Janice,Queen (Acoustic Version)
Joey Cool,Under Pressure
Harvey Waters,Pulling Teeth
Ladies Gun Club,Lake Louise
Shmueli Ungar,Rachamono & Mi Bon Siach
Pearlene,Watch the Way
Loudon Wainwright III,Middle of the Night
Theory Hazit,"Litter, Not Trash"
Vapora,"Deep, Dark Recesses"
Imitator Tots,Goldie & Bear Theme Song
Juventud Y Sus Teclados,Algo Me Paso (En Vivo)
Bry Greatah,CANCELLED
03 Greedo,Makin Plays (feat Rich the Kid)
Mani Bella,Qui Cherche Trouve
Conjunto Massivo,La Rubia Y La Morena
The Stools,Don't Need Nothin'
Brooklynn,Work Your Magic
Universe Contest,Introducing Frank
Dmitri Shostakovich,"Love and Hate, Op 38 (Reconstr M Fitz-Gerald) No 19, Dramatic Chords"
Headphone Activist,Open Waters
Homegrownfamily,Everybody Get Muddy (feat Kalibo)
Walrus,Feels
Baby Sleep Lullaby Academy,Delicate Rain Patter
Guided Meditation Music Zone,Spa Music Collection
Alyssa Micaela,Between Me & the Bar
Jesus Adame,Si Miran Que Ando Loco (En Vivo)
The Seventh Power,Sacrificial Blood
The Blow,Get Up
Bng Cng,Vn Yu i
Rudimental,Rumour Mill (feat Anne-Marie & Will Heard) - Jesse Rose Remix
LYRIKAL TMG,On Me
Nature Sounds Nature Music,Sunrise Breath
Joseph McFashion,Be With You (feat Neisha Neshae)
SFG King,Rockstar Life
Minor 'Love,My Chemical Bromance
Mike Murray,Say What!
Relaxing Piano Crew,Just Desserts
Jacob Powell,Bourbon on a Broken Heart - Empty Bottle Edit
Crucify the Flesh,The Reluctant Heroes
Mariachi Sol De Mi Tierra,Green Venom (feat Banda La Recia)
Los Herederos Del Norte,Corrido De Los Sanchez
Fire Fences,Can't Keep Up
El Dusty,Kanto Negro
Ryan Leahan,"Right Here, For You"
Former Vandal,JADED
Komezon Musical,Catarino Y Los Rurales
Krankbrother,Outr
Shiver,Carrier
DJ Madd Od,Wisdom
Shook Twins,Call Me Out
Static White Noise Sounds,Selected Noise and Sea Sounds For Ultra Relax
KevinTheCreep,Jamaica Junglez
Bossa Cafe Deluxe,Bossa for Charming Coffee Shops
The Infinite Source,Scorpion Vs Sub Zero 3 Rap Battle
Nine Days,Bottle of Wine (B-Side)
Maoli,Say You Won't Let Go - Acoustic
La Calma,Viva el Amor
Cuadra M,Aventuras De Un Marijuano
morgan willis,San Junipero
Problem,My Squad - LA Rams Anthem
Morningbird,Who Knew
Connie Diiamond,Hood Bitches Need Love 2
Tomberlin,Hours - draag me Remix
Hayley Gene Penner,Two Birthdays and One Bad Christmas
Johannes Brahms,"Academic Festival Overture, Op 80 (Live)"
Julian Goedhart,U Bent Goed
Mac,Murder Murder
SNK SOUND TEAM,SNK GALS' Fighters BGM 04
Marqus Anthony,Shoot Your Shot - UCM Remix
V@LeRiC,B0p Dr0p
Genio El Mutante,"No Puedo Estar Sin Ti (feat Baby Johnny, Kay El Agresivo & Gaby El Kreativo)"
K Town,Laced Up
Adam the Shinobi,Hoe Steppin' to Tha Hearse
Lil Trill,I Got It (feat Webbie & Foxx)
KT,FOLLOW MY JRIP
Ylli Baka,Xhan Ali
oddyssi,SPITSWAP
Gymshorts,Date Kate Jones (You Can't)
Hng Lan,Tnh cha
Rob Van Daal,Geniet van elke dag
Sir Charles Jones,Santa Claus Is Home
C Lanzbom,Every Note the Heart Can Play
Nafeesisboujee,you're with me
Latto,I Got Moves (#UsherRaymond) [feat C-White]
Jerry Garcia Band,They Love Each Other - Live
Negative Thought Process,The ComeDown
Tegan and Sara,I Don't Owe You Anything
SayWeCanFly,Someone Else (Acoustic)
Emily Hatton,Why'd You Have to
Stephen Beus,"Souvenirs, Op 28 (Version for Solo Piano) III Pas de deux"
Inicio,Que Puedo Hacer
Jacob Powell,Loud
Fran Kodra & Ndue Shytani,SHQIPTAR VETIT KUSH I THOTE
Bobby Horton,Rondo in D
Grupo Agrado,Sin Hablar Una Palabra
Cristina Vee,I'd Rather Be Me (From Mean Girls)
Destructo Disk,Cops  Dogs - Instrumental
Jordan Family Band,Hope For The World
The Weeks,Talk Like That
Chris Rice,Were You There
Immortal Soldierz,Here to Stay
Seejayxo,Moonlight
Jeriel Nieves,Solo Tu (En Vivo)
The Cavves,Holy Water
Slow Magic,Light (feat Tropics) - Qrion Remix
AOB Eazy,94 East
Total Fucking Destruction,stone bomb
Swimware,Confessions in the Dark - Scott Thorough Remix
Elizabeth Moen,I Put a Spell on You
shinigami,MECHA GX
J2,Simple Man (Acoustic Piano Version)
Museum Mouth,Golden Bones
Jorge Ferreira,Amar Como Jesus Amou Com Alison Aos 4 Anos de Idade
Morgan Page,Safe Till Tomorrow - Pegboard Nerds Extended Remix
The Kickstand Band,Summerland
Art Ruprecht,"Holy, Holy, Holy"
The Honest Guys,"Guided Sleep Meditation The Whisper of the Grass for Deep Relaxation, Healing & Insomnia"
Alice Cooper,Cold Ethyl (Live in Columbus)
Ojerime,I Know Now (2003)
Wally Lopez,X-Groove - Dousk Remix
Miss Portia,Get Your Money Girl
ACDA Western Division Junior High School Honor Choir,Kusimama (Live)
Mondre & Divine,It's Gonna Get Better
Metalleg,Black Turns Red
Impending Doom,The Wretched and Godless
Om Tiwari,Kathuaee Debo Raja Ji
George Frideric Handel,"La caduta di Icaro, cantata a canto solo con Violini Recitativo L'uomo che nacque per salire al cielo"
Morris Day,One Night Stand (feat Snoop Dogg)
Georg Philipp Telemann,"Ouverture-Suite in G Minor, TWV 55g4 IV Les capricieuses"
PIQUETE,Fluir - En Vivo
Whaleinator,Deep Dark Galaxy (From Super Mario Galaxy)
Neno Calvin,Ma Don't Trip
WorshipMob,Oceans  Nothing But The Blood - Medley
Shirley Horn,Lover Man (Oh Where Can You Be)
Lino Borges,Serrana ma - Remastered
Lil Haiti,Zoom
William Control,All I Need
Harbor & Home,You Want It Too
Smalltown Poets,Carol of the Bells
Erin Enderlin,Till It's Gone
The Renfields,I Was A Teenage Cthulhu Cultist
Dufflebag Boog,Pop Up
Quentin Miller,Rental Cars
Cel Genesis,Holding Hands Like A Dream
Player2,Lifelight (From Super Smash Bros Ultimate)
RY X,Bad Love (Camo & Krooked Remix)
BC & The Big Rig,Pennies
P-Lo,Big Film
Veronique Medrano,Su Mujer
Save Face,Brain (On The Rocks)
Loreena McKennitt,Breaking Of The Sword
Wilco,Myrna Lee
Carolyn Arends,Happy (Acoustic)
Qumu,Love Is in the Air (From Yoshi's Story)
Full Of Hell,Language of Molten Cherubs
Hilary and Kate,Figueroa Mountain
The UVM Top Cats,Man in the Mirror
The Kaseta,Idol Queen
Mike Zito,"Superman - Live from Smokin Mo's, Winter Park, CO  2010"
Simchah Yahu,"Blessed be Yahuah, Elohiym of Yashar'El"
Red Molly,Sail Away
MAYDAY!,Time Is Up
Jam in the Van,"If You Met Her - Live Session, Los Angeles, CA, 2018"
Nate Good,Me Vs the World
Brotha Bron7e,Wages of Sin
SGE Breezy,AMR Diss Pt 2
Emily King,Can't Hold Me - Machinedrum Remix
Hijos De Leyva,En Sb Traigo el Mando
Todd Rundgren,Black and White - Live
Roxane Genot,Sad and Glorious
Meditation Music Zone,Sunrise Feeling
Boddhi Satva,Xe Mana Bella - Fredy's Vocals Mix
No Thank You,Outdoor Cat
Foam and Sand,Circle 11
Steven Current,Pretty Prelude (Baby Lullaby Version)
Dreamville,"Down Bad (feat JID, Bas, J Cole, EARTHGANG & Young Nudy)"
CPsilencer,Para-Zee
Osian Ellis,Hela'r SgyfarnogFenyw Fwyn
Manuela,Zamisli
Z da Vea,Xonada na Sarrada
Lucie Blue Tremblay,Chez Nous
ShooterGang Kony,Shoot Front The Reverend (feat Sada Baby)
Sammy Wilk,Higher
Anti Stress Music Zone,Pan Flute & Falling Waters
Scam Talk,Real Afro
Big Baby Scumbag,Bruce Wayne
Cuchulain,Maybe (I Don't Feel (The Same Way [As You] [feat Joe Kye])
Zitro,I Don't Need No Guns
Vedo,Do It Nasty
L D R U,Keeping Score (feat Paige IV)
Jim Brickman,Christmas Time Is HereO Christmas Tree - Medley
Bonus Points,Table for One
Sleep Sounds of Nature,Rain Fills The River
Missy Elliott,"I'm Better (feat Eve, Lil Kim & Trina)"
Kai Bandz,Time With Me
Meat Katie,Just Quiet - Charlie Kane Remix
10kCaash,Mulberry Street
Sammy Wilk,Ready For War
Gabriela Penka,El Baul
Peewee Longway,Wakanda
1takejay,URKLE (feat Rucci & Leeky Bandz)
The Minders,All the Way Around
38Kea,Heinous Christmas
The Nelons,Well Done My Child
Quinten Coblentz,From the Roof (feat YB & Jackie Legere) - Remix
Shad Da God,Mo Ways
Turn N Fire,Clap Your Hands!!! (Ya Filthy Bastards!)
Dead Nerves,Dip Shit
Chris Blue,Inside Ya
Tamborazo Show Revolucin,La Voz de Mi Madre
Little Mix,Only You (with Cheat Codes) - Wide Boys Remix
Saul Kaye,Zimri's Lament
Wizard Rifle,Rocket to Hell
Bill Baird,Until My Dying Day
Vampire Step-Dad,Colombia
Laura Naranjo,Si me dices que s
Abelation,Fell Into Place
Cervantes Show,Tu Sangre en Mi Cuerpo
Chevy Woods,Joe Montana
Belarisk,Ponakin {White Thorn}
L Minh Trung,Xin gi nhau l c nhn
Chris Palmer,"Chapter 104 - Now What, Grad - Your Path to Success After College, Second Edition"
The Eagle and Child,So Will I (100 Billion X)
Paige Beller,Collection of Almost
$hawn $kully,True Soldiers
boyband,get home safely
Radiolaria,Paloma
Mozzy,No Lighter
OSRSBeatz,Long Way Home
Mike Jones,Stay Down
Duwap Kaine,In Da Front
Lisette Melendez,Stop in the Name of Love DJ Lucho Brazilian Rework
XaeboR,Pestilence
Streaming Music Studios,Museum (From Paper Mario The Origami King) [Piano Version]
Only Sibling,Keep Me Up
Graduating Life,Heart a Tact
Branches,It'll Be Ok (Mr Rogers)
Mak Sauce,Good Afternoon 20 - Remix
Jimmy Giuffre,Gary Indiana
Stiles Middle School Honors Band,Burma Patrol (Arr J Swearingen) [Live]
YN Jay,Coochie Growl (feat Rio Da Yung Og)
Long Hollow Wave,Light The Sky - From God's Not Dead A Light In Darkness Soundtrack
Susquehanna Chorale,O salutaris Hostia
Netherfriends,GrandDaddy Purp
One Ton Pig,Straw to the Pile
Fetty P Franklin,Respect Frank
Reiki Music Zone,Train Your Brain
Leticia Gore,Hate You to Death
Notches,Selling Lies
Gabriela de S,Quero Viver
Young Dro,IJWFOH
Holly Tucker,Take Me Fishin'
Roxane Genot,Meander
DJ Qness,My World (feat Kyle Deutsch) [Extended Mix]
Kenneth Brother,Spades
H2O,I Know Why
"Gay Men's Chorus of Washington, Dc",Christmas Time Is Here
OnFully,Different Room
Kid Travis,About Us
Note-oriety,Paper Hearts
William Cata,Love Your Enemies
Go Outside,Waltz #2
Cash Click Boog,Keys to the Streets (feat Tee Grizzley)
Voz Celestial,Pelea
Rubberband OG,Bitch I'm Lit
Netherfriends,Spring Vibes
Poop Emoji,The Baby Yoda Song
My Life With The Thrill Kill Kult,Kooler Than Jesus - Mylod & DPL Remix 2K18
Drup,Pop Out
Lil Nate Tha Goer,Mob Tactics
Bandingo YGNE,Play With Me
DHeusta,Once Upon a Dime
ALEPH,SELECCCTTTAAA
Just Relax Music Universe,Awake Your Spirit Crickets & Windy Air
Drax Project,Over It (Cedric Gervais vs Drax Project)
Elton John,I Love You All the Time (Play It Forward Campaign)
Chris Karns,Nerd's Eye View
Natalie Hemby,Perfect Gift
Soldier Hard,First Love
Bond St District,I Think We're in Danger
Pleasure P,What That Mouth Do
Azizi Gibson,Bragging Rights (feat DJ Paul)
Dario D'Aversa,Mad At Disney - Piano Version
Dog Music,Appeal To Nature
Justice For The Damned,Please Don't Leave Me
Geek Music,Chobits Main Theme (From Chobits)
Oceanic Yoga Pros,Free The Sea
Waysons,Kiss Me When You Go
Peter Kelamis,Comics-Tv
Starrz,CLOUT!
Small Crush,Tummy Rumblin
Bad Bad Meow,Reggie (Man Loves His Horse)
The Beach Boys,Wouldn't It Be Nice - Live At Michigan State University1966
Promise of Redemption,Let the Waves Crash Down
Jason Silver,Psalm 135 - Remastered
JJ Weeks Band,That Spirit of Christmas
Wyatt Blair,Young Hearts Unite
sKitz Kraven,Operate
Daima,XIV
Joshua Spacht,In the Beginning
Jerrod Flusche,Mammas Don't Let Your Babies Grow Up To Be Cowboys
Daniel Avery,Hazel and Gold
Rayy Dubb,Wheels Fall Off
Ocean Sounds,Temple of Silence
Manny Trinidad,El Portn  El Pantaln  Que Nadie Se Vaya
Reckonize Real,Winter Rain
Close Enough,Horseshoes & Hand Grenades
Zen Music Garden,Rainfall on a Wooden Porch
ESO,Fooled You
OSRSBeatz,Alone
ChristianAdamG,Let Me Drink Your Ankle Juice!
Yisroel Adler,Mach Shoin Lechtig
Dokken,It's Another Day
Def3,Small World (Remix)
Australian Nature Sounds,Under The Stars
Liz Fulmer,Alleluia
Joey Fatts,Christmas
Tantra Yoga Masters,Enhance Spiritual Growth
LINE FRIENDS, (Feat )
Siam Jem,Comfort
Baldemar,Can't Stress Enough
RY X,Deliverance - Eagles & Butterflies RMX
OnCue,Out of Town
All Sons & Daughters,You Are Love & Love Alone
GATTSO,Million Things - GATTSO & Disco Killerz VIP Mix
Eugenia Zukerman,"Sonata No1 in E-Flat Major, BWV 525 II Adagio"
Jae Millz,Deal Done
Kyan Palmer,Hidden Feelings - Acoustic
Beto Vega,El Ayudante 25 Aniversario - En Vivo
The Popper,Prospect Ave
Yung Child Support,Pills in Yo Drank
Cannon Brand,My Kind of Place
T99,Anasthasia - Kevin Saunderson & Dantiez Extended Remix
Marco Polo,Nite & Day - Instrumental
Billy Cobb,St James Infirmary
Keepitinside,NURSE JOY
Strange Familia,Cheap Perfume (feat Pleasant Pictures)
Legado MyM,Csar el Piloto - En Vivo
Geovanna Leal,Defectos
Johann Sebastian Bach,"Prelude In A Minor, BWV 931"
Betty Everett,I Can't Hear You
Top Flite Empire,A Thousand Deaths (feat David Larson)
The Guy Who Sings Songs About Cities & Towns,Rockingham Rocks!
PRXJEK,PAINT THE WALLS WITH MY BRAINS! (IHATEMYSELF PT 2)
ACOT,Milk Box
Dombresky,Utopia (Born Dirty Remix)
Freddy Fender,Que Tristeza Hay En Ti
Terri Matheson,Video Games
The Rust Belt Brigade,This Thing
Glocal Orchestra,Seychelles - Koste Seselwa - National Anthem (Seychellois Unite)
VINCINT,"Wherever You Are - Live from Amplify in Los Angeles, CA"
Claire Waluch,"Song of Storms (From the Legend of Zelda, Ocarina of Time)"
Big State,Flowers
Extortionist,Bad Vibes
Sean Softley,The Storyteller 71
Mystery Girl,A Little At A Time
Young Gunner,Switched Up
Zach Deputy,How Sweet It Is
Secret Recipe,Lost Children
Bei Ru,Dreamscapes
Diddly ASMR,Mic Eating Pt4
NIYARI, OVER QUARTZER ORIGINAL COVER INST Ver
Spiritual Tony,I Wish
Father,A lot on ur plate
Jimmy Dean,White Christmas
Saga,Time to Go (Live in Hamburg) - 2015
Outrageous Cherry,Complicate Me
Big Von,Off Top
Arc Flash,Ohmmeter
Jody Booth,Life Of My Love
Muddy Ruckus,Everlasting Buzz
ToxicxEternity,Xeno (From Stella Glow) [Metal Version]
Sergei Prokofiev,"Sonata for Solo Violin in D Major, Op 115 I Moderato"
Monica Lisa Stevenson,He's the One (feat Pastor Walter E Ellis)
John Major,My Ex Came Back For Xmas
dj-Jo,Kanashii Ureshii
Mr Capone-E,Cases (feat Clumsy Beatz)
Lil C,We Ain't Trippin'
Marc Ribot,The Hustle
Novato,Escuela - Krober Kroff Remix
Decer,San Bruno
Felix Mendelssohn,"Symphony No 4 in A Major, Op 90, MWV N16 Italienische I Allegro vivace"
Xavian,Fade Away - Extended Mix
Audra McLaughlin,Headed for the fall
Dmajormusic,Man Down
Mellodose,Hey Hey
Sweetz P,Wrist Motion (Remix)
DJ Taz Rashid,Spirit In - Instrumental
Day1ss,Black Lives Matter
Nim Vind,Hadron Collider Multiverse
Shawn Rude,Popp'n
Zaider,El Que Se Enamora Pierde
Danny Kolk,Little Bird
Shonen Knife,Dog Fight
Green Jelly,Khaos Destroyer of the Universe
Sleye,Freezing
Circle of Notes,homura (Morning Beauty Piano Cover)(Stella Sol Chill Groove Remix) - From The Movie Demon Slayer Kimetsu no Yaiba
Lil Xtra,For A Second There
Uh Oh,Copperhead
Georg Philipp Telemann,Tafelmusik - Banquet Music In 3 Parts  Production 3 - 5 Solo In G Minor 4 Andante
Matthew Smith,I Need Thee Every Hour - Single Edit
Miles Jaye,Another You
Diggz Da Prophecy,Yoruichi
Ear Ringers,I Lost My Way
Padre Diego,Resucitado Esta
Curren$y,Supply & Demand
Septura,"Romance in E-Flat Major, Op 11 (Arr S Cox for Brass Septet)"
Opiuo,Send It
Jill Tracy,"Restoring Strength, Healing, And Emotional Well Being"
Aborted Fetus,Abscesses On My Body
Lil Jack,Jessie Dotson
Wei Zhongle,Examine It
Spooky Cigarette,Days in Repetend
The Patti Fiasco,Reeling
Active Bird Community,Longport
La Misa Negra,Duea de Mi
Vannorte,Palos Verdes
RJMrLA,Time (feat Young Thug)
The Williams Brothers,What God Does
Tylerl,Reach for the Stars
Microwave Rollie,Double Dribble
El Mixteco Alegre Y Fidel Y Sus Teclados,Chilena El Mixteco Alegre
Torchfvce,Don't Need Shit!
OverDoz,Backstage (feat Miguel)
Jam in the Van,"High Upon The Mountain - Live Session, Los Angeles, CA, 2019"
Good Looking Friends,You Won
Creature Comfort,Blue Blood (Dark Boy)
Father,In State Outta State
Out For Justice,Here Comes The Pain
Holiday Mountain,Crawl Back
F,Estamos Bien - Acoustic Rumba Version
The Wages of Sin,The Parting Glass
Bandingo YGNE,9 PM Freestyle
boom boom kid,Quienes Son Ellos
Good Old War,Small World - Acoustic
Sandy,Nada  Por Acaso - Ao Vivo
Conjunto Mar Azul,7 Cumbianeros
Chi Rho,Get Home
Derrick Brown,The Coral Snake Hates His Neck
Little Ditto,The Loud House Theme Song
Erotic Massage Music Ensemble,Orgasmic Lounge Music
HoodRich Pablo Juan,Diamond Dance
Violet Skies,Is She Gonna Be There - piano version
Joseph Tilley,Just Friends
Enzo La Melodia Secreta,Loca por el Dembow
William Genaro,Everywhere I Go (feat Kool John)
VRSTY,Dead Like Me
Self Provoked,They Just Dont Like Me
Tokyo Police Club,New Blues
XZARKHAN,The Emerald Tablets of Thoth (Instrumental)
Philippe Saisse,Eva Kant Dance
Barnes & Barnes,Astrology Rap
Paupa,All Night (feat T$9 & Kalanfrfr)
Waylon Thibodeaux,Don't You Make Me Put My Fiddle Down
Mark Yandris,Oh Come All Ye Faithful
Pyotr Ilyich Tchaikovsky,"Grand Sonata in G Major, Op 37, TH 139 II Andante non troppo quasi moderato"
NoSelf,Fractured
Cristian Jacobo,T Y Yo Terminamos
Snap Dogg,Pick & Roll
The Cat and Owl,Creep
NURKO,Right Now - Cosmic Sense Remix
Zoo Brazil,Never Had
River Ratts,A Fool (Remastered)
Tim Balajadia,Meditation Minds
Dario Castello,"Sonate concertate in stil moderno, Vol 2 Sonata decima terza a 4"
Nr3,Ain't Trippin
Jonathan Leshnoff,Symphony No 4 Heichalos (Performed on the Violins of Hope) II Slow [Live]
Hans Hu$tle,N1 Hu$Tler
The Binghamton Crosbys,God Only Knows
Marko Kutli,U Kapi Tvoje Ljubavi
Vladimir Sterzer,A Legend of a Violet Soul - Piano & Strings Version
John King,Ride Forever
Utope,What Could It Be Now
Grav3,see me again
Jim Malcolm,Pad the Road
Tribulation,The Lament - Live at Sdra Teatern
Zane Williams,I'll Always Have Time for You
We Are The Union,Self Care - Audiotree Live Version
WEVLTH,Safety
Caleborate,On Silent
mewithoutYou,"Julia (or, 'Holy to the LORD' on the Bells of Horses)"
Los Originales De La Baja,A Quien Le Quede El Saco
Sleep Baby Sleep,Sleep and Dream
Wickerwolves,Jaded
Noah Floersch,Back to Earth
Alessandro Cerino,Road to the sunset - Short Version
SHEARE,You + I
Lindy Vision,Wasted
Papercuts,A Dull Boy
New Circle,Last Minute
3D Stas,Cat - Virus19xx Remix
Zen Meditation and Natural White Noise and New Age Deep Massage,Natural Meditation
KESHORE,U Still Here
Chris Classic,Do or Die
Suburban Legends,The Biggest Day
Workout Music Tv,Get Your Hands Up - Workout Remix 128 Bpm
Withered,By Tooth in Tongue
Hardo,Who Ya Gang
D-Lo,Cocky
GG Allin,Fuck Authority
Lullabies for Deep Meditation,Yoga Healing.mp4
Ernest Bloch,Concerto symphonique II Allegro vivace
Dee Gomes,Dodging Bullets
Corey Hunt and the Wise,Thirty Years In
Marko Markovic,Xhauron - Original Mix
Wifisfuneral,NO TRUST
Jonah Cruzz,Do It Fo
Nattali Rize,Rebel Frequency
TFH Kids Worship,I Am His
Brain Stimulation Consort,Lose Yourself in the Wisdom
Trip Lee,Too Cold
Black Nile,Revival
NoGoD,Emotional Disorder - Live Version
La Intriga de Tierra Caliente,El Gavilancillo (Zapateado)
Bei Ru,Don't Worry
Netherfriends,Romantic Vibes
I AM,Paid in Sin
Sound Bath,Ingay ng Baby Sleep
De Baron,Zee
Ne-Yo,U 2 Luv
Grumpster,Tunnel Vision
New Order,People On The High Line - Hybrid Remix
The Revolutionaries,Wisdom Dub
Tobin Sprout,It's Just the Way
18 Kilates,Se Que Te Va a Doler
Ricky Blaze,Look
Spafford,Chapel Jam
Yann Tiersen,Monochrome (feat Gruff Rhys) - Portrait Version
SubtractiveLAD,Nocturne (Remastered)
Leemz,Got Back
Gijoe,omg
Tycho,Into The Woods
Los Cumbieros Del Sur,Cumbia Aniversario
Pacman XII,Zombie Nike
Mogli the Iceburg,Nothing Nice to Say
Sha Gualla,Real Life
The Capitalist Kids,Damn These Vampires
Spa & Spa,Tracing Paper
My Favorite,Christine Zero
Jeremy Herrell,Rebirth of America
"It Lives, It Breathes",The Clash
Spa Zen,Sun Salutation
Flux Capacitor,Virgo
"Have Gun, Will Travel",Paperback (Demo)
Philthy Rich,Feeling Rich Today (Remix)
Your Favorite Color,Turn Me On
Gijoe,omg
Termination Dust,Funeral Bells
TRPTYCH,Himinn
Woodie Smalls,No Limit (feat AKTHESAVIOR)
Robert C Fullerton,Afternoon Reflection
Rudimental,Rumour Mill (feat Anne-Marie & Will Heard) - Scales Remix
Alexander Slang,20 Radar
Elnne,Save the Queen
Terrance Escobar,Mike Vick
Blanket Swimming,775047S 1664006E
Niviane,Watch the Banners Fall
Jay Prez,Christmas To Christmas (Loving You)
sKitz Kraven,Before It's Too Late
Young Drummer Boy,Everywhere I Go
Mobley,James Crow
The Way,Worth It
Kenny J,Medley
T Gold,Sunlit and Cryin'
Sonic Boom,Tawkin Tekno - Remix
Nell,Concrete Roze
PG RA,What They Want
Any Puello,Fluye
Danielle Lewis,Help Me
Pete Belasco,Very Special People
Scalp the Pioneer,Graduation Ceremony
Septura,"Songs of Farewell (Arr M Knight for Brass Septet) No 4, There Is an Old Belief"
Bruce Banna,Brickman
Roy Tosh,Underdog (feat Aaron Cole)
hikaru yamada and the librarians,Beaut-Probability
Relaxation Meditation Songs Divine,"Wildfires Near Me, Hooting Owls in the Night"
Jimmy Donn,The Company I Keep
The Bright Light Social Hour,Bare Hands Bare Feet - Demo
Bad Sounds,Wages - Everything Everything Remix
Rusty Maples,Wrapped in a Chorus
Pulgas,Born Without a Brain
Baby Slime,Trust
Kids' Halloween Party,Scary Monsters And Nice Sprites (Dubstep Remix)
Recorder Rain,Provocative Rainfall
The Gatlin,Beat The Oddz
Yoga,Crossing Sky
Peach Kelli Pop,Crooked & Crazy
Karina Moreno,Me Gusta Mi Vida - En Vivo - Pista
Squirrel Nut Zippers,Wash Jones
Donovan Wolfington,Basalisk - Audiotree Live Version
Cxrpse,ABU DHABI
Diamantes Azules,Di Que No Me Dejaras
El Kamel,No Vuelve a Llorar
Kasher Quon,Fraud Bible
Don Changolini 4000,Senoritas (feat Gouda Brains)
Firefly,I Do Love You
Say Slide Rack Racers,100Deek Hundo WYD
Georges Bizet,"20 Mlodies, Op 21 No 13, Absence"
Daniel Lima,Good Morning Xmas
Bob Baldwin,Back to Basics (Family First)
Citvdel Blvck,Upheaval
Webb Pierce,In the Jailhouse Now - Smokey & The Bandit Mix
Weakened Friends,Good Friend
Rick Gallagher Project,God Rest Ye Merry Gentlemen
SEGA SOUND TEAM, The General ~~
Mr Lif,World Renown - Instrumental
Los Rehenes,Se Acabo El Romance
Logan Hugueny-Clark,PUBG The Musical
birthday,Grown Up Kids
Temples,Strange or Be Forgotten (Toe Rag Session)
Asaph,At Your Hand
Duncan Burnett,You
Von Storm,Catch a Cap
Kyle Edwards,Childs Play Bounce That (Jersey Club)
kxxiv,blood on my menthol!
Panic Lift,Meat for the Queen
WillThaRapper,Squad
Hi I'm Ghost,Ghost Boogie
LOYAL,Light up for You (Joe Goddard Remix)
Funkstatik,Vibin' Out
Ayanis,Lil Boi (Big Talk) [feat Queen Naija]
Blackway,Andaz
Otis Murphy,Quintet for Alto Saxophone & String Quartet in A Minor II Quarter Note Equals 132
Daddyphatsnaps,Deadpool Vs Wolverine
Yakarta,Un Beso
FBG Duck,Who Getting Robbed
JJ Hairston,You're Mighty
