song,artist,genres
Most Beautiful,Smooth Lounge Piano,['pianissimo']
Precioso Jesus,Gabriel Navarro,['latin talent show']
Maggie Valley Bound,Raymond Fairchild,"['banjo', 'traditional bluegrass']"
Nighttime Mind Booster: Night Time Affirmations,Jason Stephenson,"['432hz', 'guided meditation']"
The Company I Keep,Jimmy Donn,['horrorcore']
Besos Y Caricias (En Vivo),Los Morros del Valle,['corridos tumbados']
I Got You,Madd Marvin,"['baton rouge rap', 'deep southern trap']"
NoLimitRetro / Battle at Sunset !!!,Tae Retro,['meme rap']
"Ouverture-Suite in G Minor, TWV 55:g4: IV. Les capricieuses",Georg Philipp Telemann,"['baroque', 'classical', 'early music', 'german baroque']"
Cali Luv,Maj4l,"['cali rap', 'westcoast flow']"
Pelea,Voz Celestial,['adoracion']
Lover Man (Oh Where Can You Be?),Shirley Horn,['vocal jazz']
Mr. Brownstone,Rock the Cradle,['lullaby']
Emoji Kiss,Kizzl,['pittsburgh rap']
Perfect Gift,Natalie Hemby,['country pop']
Love Like We Used To - Acoustic,Troy Cartwright,"['country pop', 'modern country pop']"
Hol van az a lány - Roberto Rios x Dan Sparks VIP Mix,DR BRS,['hungarian pop']
Ashokan Farewell > Dawg's Waltz,Muddy Marsh Ramblers,['old-time fiddle']
Fun & Games (Freestyle),Zotiyac,"['dark trap', 'scream rap']"
Give My Regards to the Tigers,Roboctopus,['chiptune']
Dark Side of Town,The Young Step,['jacksonville indie']
Comfort,Siam Jem,['socal indie']
Drawing Your Curiosities,Jellybean Green ASMR,['asmr']
F*cked Up,Jucee Froot,['trap queen']
Sammys Freilach,Joscho Stephan,"['gypsy jazz', 'jazz guitar']"
It Came Upon the Midnight Clear,Sedona Breeze,['christmas instrumental']
Takes One to Know One,Julia Sheer,['viral pop']
Can't Keep Up,Fire Fences,"['welsh indie', 'welsh rock']"
Opatereo - En Vivo,David Blanco,['trova']
"The Ghosts Have Eaten Well - Live at Tradfest, The Pepper Canister, Dublin, January 25th 2019",The Black Feathers,['uk americana']
Devil,Bluphoria,['eugene indie']
UNPLEASANT FUTURE,Corrupt Vision,['crack rock steady']
Real Life,Sha Gualla,['new york drill']
Life's a Trip (Remix),Def3,"['canadian hip hop', 'outer hip hop']"
Toynbee Idea,The Capitalist Kids,['diy pop punk']
Ay Lastima Engani Ji Shani Kauicheka,Grupo Fuerza Purhepecha,['musica purepecha']
FREE SMOKE PT2,Lil juan,['dmv rap']
Hidden Feelings - Acoustic,Kyan Palmer,['la pop']
Run That Bacc,Chucc 1,['polynesian hip hop']
Supah Bounce,TVBOO,['experimental bass']
We Three Kings,The Lowdown Drifters,"['red dirt', 'texas country']"
Evergreen Scene,Moka Only,"['bc underground hip hop', 'canadian hip hop', 'canadian old school hip hop', 'jazz rap']"
No One Loves You (The Way That I Do),Chance McCoy,['kentucky roots']
Sbarra - Tarantella,Smart Baby Lullaby,"['lullaby', 'nursery']"
Shattered Thoughts,Multo,['la hardcore']
Keys to the Streets (feat. Tee Grizzley),Cash Click Boog,"['cali rap', 'detroit trap']"
American Freeborn Kids,Joe Stamm Band,['roots americana']
Quelque part ailleurs,ZAKO,['rap algerien']
The Call of the Faithful,Gost,['synthwave']
Woke Up,777villain,['rage rap']
Chapel Jam,Spafford,['jam band']
Another Medium (Undertale Remix),Dj Cutman,"['lo-fi vgm', 'otacore', 'pixel', 'vgm remix']"
We The Ones,WeezGotti,['cali rap']
She Even Woke Me Up to Say Goodbye,The Del McCoury Band,"['bluegrass', 'jam band', 'progressive bluegrass']"
Monochrome (feat. Gruff Rhys) - Portrait Version,Yann Tiersen,"['compositional ambient', 'french soundtrack']"
Kopf oder Zahl - Radio Version,Uta Bresan,"['classic schlager', 'discofox', 'schlager', 'volksmusik']"
Thorough Downpour,Rain Sounds & Nature Sounds,"['environmental', 'sound']"
Thinking Bout U,Kodie Shane,"['atl hip hop', 'trap queen']"
Selfie Ze Mną Zrób,Selfie,['fake']
"Wise Woman - Live from Asheville, NC 2016",Aaron Woody Wood,['asheville indie']
Break Down (feat. Keno),dEVOLVE,['basshall']
Don't Worry,Bei Ru,['armenian folk']
"Call Your Name (From ""Attack on Titan"")",Studio Yuraki,['otacore']
I AM | AM I,The Lioness,['minnesota hip hop']
"Down Bad (feat. JID, Bas, J. Cole, EARTHGANG & Young Nudy)",Dreamville,"['hip hop', 'pop rap', 'rap']"
Ghost - Solis & Sean Truby Remix,JES,"['trance', 'vocal trance']"
Siberia,Electricsheep42,['focus beats']
Prende El Arbolito,PlenaSon,"['bomba y plena', 'puerto rican folk']"
Lune,Bairoa,['puerto rican indie']
No Kap,Tony Shhnow,"['dark plugg', 'dream plugg', 'plugg', 'pluggnb']"
Current,Jogging House,"['ambient synth', 'frankfurt electronic', 'modular synth']"
A Menace,Mando Audio,['meme rap']
T. Allen Dick,Serpentfoot,['denver indie']
Won't Fuck If She Walkn (feat. Ftr Drama),Kizzl,['pittsburgh rap']
Su Mujer,Veronique Medrano,['new tejano']
No More Time to Waste,Study + Chill LoFi,['lo-fi product']
Love Yourself (feat. Pako Morín & Esteban Quintanilla),RM,"['birmingham hip hop', 'charva']"
O Christmas To You (Atheist Mix),Phil Kuhlenbeck,['rain']
More of You (feat. Carvena Jones & Tela),Jabari Johnson,['contemporary gospel']
"Museum (From ""Paper Mario: The Origami King"") [Piano Version]",Streaming Music Studios,['anime score']
Walkin' the Floor,Mike Bloomfield,"['blues', 'blues rock', 'chicago blues', 'electric blues', 'traditional blues']"
Drips Gold (feat. Raja Kumari),Eden xo,['electropop']
Diesel Gang - Acoustic,Katie Noel,"['country rap', 'redneck']"
Operate,sKitz Kraven,['country rap']
Holy Ghost,Desiigner,"['pop rap', 'rap', 'southern hip hop', 'trap', 'viral trap']"
Under the Gun,Toner,['american shoegaze']
Want U,WEVLTH,['wave']
Natural Pads,Calming Sounds,['sleep']
Aj Saj Gaya Seher Lahore,Arif Feroz Khan Qawwal,['qawwali']
The Plug,Worldwide,['san antonio rap']
Llego El Ausente,Los Rebeldes del Norte,"['classic sierreno', 'tololoche']"
When Was the Last Time,Safety Orange,"['reggae rock', 'west coast reggae']"
Smoke Everyday,Alicia Goku,['trap queen']
El Ayudante 25 Aniversario - En Vivo,Beto Vega,"['corrido', 'sierreno']"
"Piano Sonatina No. 1, Op. 43 No. 1: III. Presto",Gunnar de Frumerie,['swedish contemporary classical']
Heinous Christmas,38Kea,['chill breakcore']
Hallelujah After Dark,Jake Wells,['kc indie']
In State Outta State,Father,['underground hip hop']
Next Up,Ekoh,['indie pop rap']
The House My Daddy Built,Baillie & The Boys,"['classic country pop', 'country dawn']"
Hype - Original Mix,D3FAI,"['big room', 'sky room']"
"Lifelight (From ""Super Smash Bros. Ultimate"")",Player2,['vgm remix']
Gift to You,Daron Jones,['atl hip hop']
"Symphony No. 10, ""American Muse"": I. Con fuoco",William Schuman,"['american modern classical', 'concert band', 'early modern classical']"
The Call of Ktulu,Gregorio Franco,"['cyberpunk', 'darksynth']"
Newz,Fruit Juice,['olympia wa indie']
Obra de Tus Manos,Los Atalayas,['corridos cristianos']
Reason to Doubt,Charles Walker,['charlotte nc indie']
Tell Me You Don't Love Me Watching,ONBC,['danish indie pop']
One Night Stand,Abobo,['synthwave']
My Squad - LA Rams Anthem,Problem,"['hyphy', 'trap', 'west coast trap']"
Up & Down,Miss Lady Blues,['southern soul blues']
Em Khong Xung Dang,Vũ Duy Khánh,"['v-pop', 'vinahouse']"
I Ran (So Far Away),Debris of Titan,['indie psychedelic rock']
Bag (feat. Gunna & Lil Duke),Jose Guapo,['atl trap']
Open Waters,Headphone Activist,['bass trap']
Raining Pride,Loopable ASMR,['asmr']
KONOSUBA RAP,Freesoul,"['anime drill', 'anime rap']"
If You Knew Better,Eearz,['atl trap']
Stuck In Love,Anneston,['lao hip hop']
Famous,8-Bit Misfits,"['8-bit', 'chiptune']"
Pain - The Soft Moon Remix,Boy Harsher,"['grave wave', 'western mass indie']"
"Don't Worry, I'm Here To MELT Away Your WORRIES Pt.2",Karuna Satori ASMR,['asmr']
Underdog (feat. Aaron Cole),Roy Tosh,"['christian hip hop', 'christian pop', 'christian trap']"
Can't Trust A Soul (feat. PnB Rock),Dreezy,"['chicago rap', 'drill', 'trap queen']"
S-Auzit in Galilea (Marc 1:15),Ruben Birle,['muzica crestina']
Ghost Boogie,Hi I'm Ghost,"['brostep', 'dubstep', 'gaming dubstep', 'riddim dubstep']"
Catalonia,Liance,"['experimental folk', 'grand rapids indie']"
Scars & Stars,Nameless in August,['pittsburgh indie']
Luck of a Liar,Matt Pryor,['lawrence ks indie']
FOLLOW MY JRIP,KT,['florida rap']
My Place,Yhung T.O.,['cali rap']
Someday Sweetheart,Woody Herman,"['big band', 'cool jazz', 'swing', 'vintage jazz']"
El Mil Amores,Las Marías,['regional mexicano femenil']
Ponakin {White Thorn},Belarisk,['new england experimental']
Baby c'est vous,Sylvie Vartan,"['chanson', 'ye ye']"
Stay Down,Mike Jones,['dirty south rap']
Twinkle Twinkle Little Star,Steam Powered Giraffe,['steampunk']
Doggy Mindfulness,Dog Music Dreams,['pet calming']
What You Need,Yung 187,['philly rap']
Shut You Up (feat. Banoffee) - Hi Life Remix,Chela,['australian indie']
James Crow,Mobley,['austindie']
No Te Hace Mal (En Vivo),Los Leos de Chicago,['chicago mexican']
Swimming in the Canal in Rain with Thunder,Thunderstorm Sound Bank,"['environmental', 'water']"
Cuz We Can (feat. Gold Frame & Natalie Lauren),Swoope,"['christian hip hop', 'christian trap']"
N°1 Hu$Tler,Hans Hu$tle,['lo-fi jazzhop']
How Far,Luni Coleone,"['hyphy', 'sacramento hip hop']"
Spirit In - Instrumental,DJ Taz Rashid,['high vibe']
Rocket No. 9,Litz,['jamtronica']
Memory Foam,The Paranoyds,['la indie']
"Variations on a Theme of Frank Bridge, Op. 10: Var. IX. Chant",Benjamin Britten,"['british modern classical', 'classical', 'early modern classical', 'neoclassicism']"
Kuntree Thicc (feat. Midas Wright),The Stixxx,"['country rap', 'redneck']"
Humming Tone,Binaural Beats Brainwave Entrainment,"['binaural', 'brain waves', 'sleep']"
It's U (Diamond Version),Petal Supply,['hyperpop']
MKE To CHI,Ian Ewing,['chillhop']
Xhixhileja,Altin Sulku,"['albanian pop', 'popullore jugu', 'tallava']"
Time Is Up,¡MAYDAY!,['miami hip hop']
Born Without a Brain,Pulgas,['experimental indie']
Emotional Gore,Creature People,['normal indie']
New Wave,GueroX,"['corridos tumbados', 'sad sierreno', 'sierreno']"
"homura (Morning Beauty Piano Cover) Theme - From The Movie ""Demon Slayer: Kimetsu no Yaiba""",Circle of Notes,['bgm']
I Think We're in Danger,Bond St. District,['baltimore indie']
Come Through And Chill,Salaam Remi,['hip hop']
Si Miran Que Ando Loco (En Vivo),Jesus Adame,['corridos tumbados']
Runaway,Ithacappella,['college a cappella']
Sing in the Darkness,Ginny Owens,['christian music']
You Complete Me,Sean Ardoin,['zydeco']
On the Bus,SubsoiL,['rochester ny indie']
Green Venom (feat. Banda La Recia),Mariachi Sol De Mi Tierra,['musica sinaloense']
Too Much,Jimmy Donn,['horrorcore']
The King in Yellow,KROWW,['deathstep']
Reach for the Stars,Tyler.l,['lo-fi sleep']
Surnorte - Remix,Gio Chamba,['houston indie']
Bodies (feat. Jadakiss),Flawless Real Talk,['rhode island rap']
Time to Go (Live in Hamburg) - 2015,Saga,['progressive rock']
Vendaval sin Rumbo,Los Sagitarios,['grupera']
If I Didn't Build It,The Pomps,['modern ska punk']
Bad Love (Camo & Krooked Remix),RY X,"['indie anthem-folk', 'indie folk']"
Fire (feat. pennybirdrabbit) - Tyzo Bloom Remix,EMBRZ,"['melodic house', 'vapor soul']"
Yoga Healing,Lullabies for Deep Meditation,['sleep']
Intro,Guerrilla Theory,['stl indie']
Ahmar Ya Shal,Eslam Fahmy,['egyptian pop']
Flava in Ya Ear,Skilla Baby,['detroit hip hop']
NEVER PICKED (feat. Lidnesty),Kresnt,"['bc underground hip hop', 'canadian contemporary r&b', 'canadian hip hop', 'hip hop quebecois']"
1 X 1,Sharrod Sloans,['milwaukee hip hop']
Game Done Changed,Young Curt,"['cali rap', 'hyphy']"
Alte Zeit,Sinna,['christlicher rap']
Nothing Nice to Say,Mogli the Iceburg,"['christian hip hop', 'christian trap']"
Chicken Fried - The Voice Performance,Ashland Craft,['country pop']
Close Your Eyes (Hello Neighbor),Rockit Music,"['otacore', 'pixel']"
The God of Loss (feat. Deni) - Piano Version,Darlingside,"['boston folk', 'folk-pop', 'indie folk', 'new england americana']"
Destiny Screams,Tryhardninja,"['antiviral pop', 'otacore', 'pixel']"
Concrete Roze,Nell,"['cloud rap', 'underground hip hop']"
Thoughts Before Sleep,Remember to Breathe,['south dakota indie']
Guava,Wavvy,['hawaiian hip hop']
No Problem - Instrumental,Sukiyaki Beats,"['beats', 'drill beats', 'trap beats']"
Ostinato (Prelude),Ryan Keberle,['jazz brass']
El Tanke,Chocolate Mc,"['cubaton', 'reparto']"
Fragments,Rhadow,['romanian electronic']
Peace,The Gloom In The Corner,"['australian post-hardcore', 'metalcore', 'metallic hardcore', 'nu-metalcore']"
Get Your Money Girl,Miss Portia,['southern soul blues']
Snake Eater,Big'n,"['math rock', 'noise rock']"
Me & My Glock,Glizzy,['virginia hip hop']
I Wrote This For You,Cassidy,"['battle rap', 'hardcore hip hop', 'hip pop', 'philly rap', 'southern hip hop', 'trap']"
Loving girlfriend helps you go to sleep... with a twist Pt.1,RoseASMR,['asmr']
Quiet Passion,Sex Music Zone,['erotica']
I Thank You God,Susquehanna Chorale,['american choir']
2U - Tom Martin Remix,David Guetta,"['big room', 'dance pop', 'edm', 'pop', 'pop dance']"
Rain Sounds - Relax,"Sounds Of Nature : Thunderstorm, Rain","['environmental', 'sound']"
Respect Frank,Fetty P Franklin,['north carolina hip hop']
Happy New Year,LL Kids Nursery Rhymes,['lullaby']
Don't Trust Jamaican Man,Mighty Sparrow,"['calypso', 'soca']"
Hilos,Andrea Cruz,['puerto rican indie']
Southbound Sunshine (Demo Version),Vox Vocis,['progressive post-hardcore']
Mammas Don't Let Your Babies Grow Up To Be Cowboys,Jerrod Flusche,['red dirt']
El Phantasmo And The Chicken-Run Blast-O-Rama - Live At Riot Fest / 2016,Rob Zombie,"['alternative metal', 'hard rock', 'industrial metal', 'industrial rock', 'nu metal', 'post-grunge', 'rock']"
Chill Out Soundscapes for Yoga Rain and Sublime Harmonics,Nature Sounds Artists,"['environmental', 'sleep']"
Binaural Beats and Ocean For Deep Sleep,Binaural Beats,"['binaural', 'brain waves', 'sleep']"
CJ,Sada Baby,"['detroit trap', 'scam rap']"
Caitlin Bree,Ammo for My Arsenal,['texas metal']
Inspire Sea Songs and Deep Sleep,Ocean Sounds Plus,"['environmental', 'ocean', 'sound', 'water']"
Our Father Cares (Audio Bible Verses for Sleep with Relaxing Piano Music),Peaceful Scriptures,['bible']
Good Friend,Weakened Friends,"['boston indie', 'bubblegrunge', 'diy emo', 'maine indie']"
Can't Keep Up,Fire Fences,"['welsh indie', 'welsh rock']"
Mo Ways,Shad Da God,"['atl hip hop', 'atl trap']"
New Wizard Anthem - Live,Harry and the Potters,['wrock']
Home Instead,Chubby Carrier And The Bayou Swamp Band,"['swamp pop', 'zydeco']"
"Long March Symphony: II. Red Army, the Beloved of the Various Nationalities",Shanghai Symphony Orchestra,['chinese classical performance']
Pirates of the Caribbean: On Stranger Tides End Credits,Jartisto,['piano cover']
Quien Dijo Que No,Cano de Cali,"['narco rap', 'tamaulipas rap']"
Toffee - Dope RnB Rap Beat Mix,LOOPGOONZ BEATS,['beats']
Path to Returning,Jeff Pearce,"['ambient', 'chapman stick', 'deep ambient', 'drift']"
Cobble Stone Relaxation,Beverly Hills Pet Spa,['pet calming']
Tú Y Yo Terminamos,Cristian Jacobo,"['banda', 'musica mexicana', 'sierreno']"
1019Workhorse,Hitta Jugg,['dmv rap']
galar mine.,OmarCameUp,['anime rap']
CANCELLED,Bry Greatah,"['philly drill', 'philly rap']"
A Simple Way Of Thinking,Tanner Sparks,['texas country']
She Is Coming to Cry on the Grave,Angel 7,"['ukrainian metal', 'unblack metal']"
Come Down,TWERL,['traprun']
Nobody Else (feat. Bushy B & Majornine),Ice Billion Berg,['miami hip hop']
SHQIPTAR VETIT KUSH I THOTE,Fran Kodra & Ndue Shytani,['cifteli']
Pull the Trigger,Tetrarch,['atlanta punk']
Halfpace,Hakobune,"['drift', 'drone', 'j-ambient', 'nu age', 'warm drone']"
Sing for Joy! (After Handel) [Live],Florida All-State Middle School Treble Chorus,['school choir']
don't leave,owlh,['lo-fi cover']
SMOKY (Live),Char,"['classic city pop', 'japanese blues']"
Hey Up There (feat. Ty Dolla $ign),Buddy,"['alternative r&b', 'cali rap', 'canadian hip hop']"
She Said Give Up,undergrads,['columbus ohio indie']
The Vengeance in Me,Serpentine Dominion,['melodic deathcore']
Christine Zero,My Favorite,['twee pop']
Sleepy Eyes,Buster Dyson,['instrumental lullaby']
Binaural Beats For Anxiety,Binaural Landscapes,['binaural']
Breakdown,Ego Mackey,['glitchcore']
Get It - Chopped & Screwed,Big Jade,['trap queen']
La Chancla,Veronique Medrano,['new tejano']
The Storyteller 71,Sean Softley,['irish dance']
PERRYTH3PLATYPUS,83HADES,"['dark trap', 'scream rap']"
Way You Move,Juhovah,['south carolina hip hop']
The First Step Toward Giving Up,The Seafloor Cinema,"['progressive post-hardcore', 'sacramento indie']"
Song for a Winter's Night,Audrey Assad,['roots worship']
Go Crazy,Maine Musik,['baton rouge rap']
其實我喜歡的是數學 - CINEMA SESSIONS,十九兩樂團,['taiwan indie']
Truth Be Told,Toy Cars,['new jersey indie']
Background Music For Sleeping,Binaural Beats,"['binaural', 'brain waves', 'sleep']"
Blissful Myth,Rudimentary Peni,"['anarcho-punk', 'crust punk', 'hardcore punk']"
"El Chapo (Remix) [feat. 2 Milly, Dave East, N.O.R.E., Smoke DZA & Cory Gunz]",Ron Browz,['nyc rap']
NA3NA3,.223Jerm,['dark trap']
Kooler Than Jesus - Mylod & DPL Remix 2K18,My Life With The Thrill Kill Kult,"['electro-industrial', 'industrial', 'industrial metal', 'industrial rock']"
No Sleep - Intro,Gucci Mane,"['atl hip hop', 'dirty south rap', 'hip hop', 'pop rap', 'rap', 'southern hip hop', 'trap']"
The Wretched and Godless,Impending Doom,"['christian deathcore', 'christian metal', 'deathcore', 'melodic metalcore']"
Out My Face (feat. Solo Bellafonte & Ku Crush),Band$,['bay area hip hop']
Train Your Brain,Reiki Music Zone,['reiki']
Om Gajanan Siddhivinayak - Zee Music Devotional,Akriti Kakar,"['filmi', 'modern bollywood']"
Traditional Cranial Nerve Examination Role Play Pt.7,The ASMR Ryan,['asmr']
Paid in Sin,I AM,"['blackened deathcore', 'deathcore', 'metallic hardcore', 'texas death metal']"
Not Gone Jaws,Benny,['cali rap']
Get Up,The Blow,['olympia wa indie']
Peaceful and Tranquil Music for Relaxation and Baby Massage,Relaxation Meditation Songs Divine,['sleep']
Let's Fight,Nihilist Cheerleader,['atlanta indie']
Annex,FleshBurner,['progressive deathcore']
Bottle of Wine (B-Side),Nine Days,['pop rock']
Massage Music,Just Relax Music Universe,['subliminal product']
Pennies,BC & The Big Rig,"['red dirt', 'tulsa indie']"
Wheels Fall Off,Rayy Dubb,['florida rap']
Te Vas Ángel Mío,South TX Homies,"['new tejano', 'tejano', 'tex-mex']"
Hallelujah (feat. Community Partners),Gay Men's Chorus of Los Angeles,"['gay chorus', ""men's choir""]"
Christmas Time Is Here/O Christmas Tree - Medley,Jim Brickman,"['new age', 'new age piano']"
stuck inda #photoshop,Octi,"['scenecore', 'sigilkore']"
The Spontaneous Overflow of Powerful Feelings,Altus,"['deep ambient', 'drift']"
Breaker,Wander,['american post-rock']
Anomaly,Merciful Nuns,"['corrosion', 'dark post-punk', 'dark wave', 'gothic rock', 'modern goth']"
Up & Down,Miss Lady Blues,['southern soul blues']
Drahem El Zwag,Cheb Mustapha,['rai algerien']
"Boost Your Sex Drive: (Binaural Beats & Isochronic Tones Moon, Synodic - 210.42 Hz & Earth-Year - 136.10 Hz)",The Sacred Cosmos,['tone']
鹿野出陣,Harumi Fuuki,['japanese soundtrack']
Two Birds,Yung Sham,['lo-fi indie']
Colorado,C Lanzbom,['judaica']
Carve My Face,Twiztid,"['horrorcore', 'rap rock']"
GARLIK ALOE VERA,2shanez,['sigilkore']
Dancing with a Monster,Richard Band,['classic soundtrack']
Countdown,Austin Gatus,['san diego indie']
Coming from the Man,This Uni,"['oc indie', 'socal indie']"
Studio Gangstas,Spice 1,"['g funk', 'west coast rap']"
"If You Met Her - Live Session, Los Angeles, CA, 2018",Jam in the Van,['west coast reggae']
Body Yo Body (feat. Paula Deanda & Kap G),Baby Bash,"['chicano rap', 'latin hip hop', 'pop rap', 'southern hip hop', 'texas latin rap', 'urban contemporary']"
Shot Ya,KXNG Crooked,"['cali rap', 'detroit hip hop']"
Fraud Bible,Kasher Quon,"['detroit hip hop', 'detroit trap', 'scam rap']"
"String Quartet No. 6, Op. 80, MWV R 37: III. Adagio",Calidore String Quartet,['string quartet']
Utopia (Born Dirty Remix),Dombresky,"['bass house', 'electro house', 'house', 'tech house']"
Rain Sound: Beach Sky Fall,Ocean Waves For Sleep,"['environmental', 'sleep']"
Hela'r Sgyfarnog/Fenyw Fwyn,Osian Ellis,"['classical harp', 'harp']"
Waltz #2,Go Outside,['tempe indie']
Celestial Decay,Degradations,['atlanta metal']
The Answer,Divide Music,['anime rap']
Synergy,Roadrunner Glockboyz Tez,"['detroit hip hop', 'detroit trap']"
Mach Shoin Lechtig,Yisroel Adler,['chasidic pop']
Walk Alone,Radio Days,"['beatlesque', 'modern power pop', 'underground power pop']"
theres nobody else,Gill Chang,"['future bass', 'pop edm', 'vapor twitch']"
Cam'ron Voice (Remix) (feat. Cam'ron),Uncle Murda,"['battle rap', 'nyc rap']"
JUMP SHIP,2shanez,['sigilkore']
First Things First,Young Lyric,['trap queen']
Back Again,Kennedy Rd.,['canadian contemporary r&b']
Se Acabo El Romance,Los Rehenes,"['grupera', 'gruperas inmortales', 'musica mexicana', 'norteno']"
Necrosis,Agony Reigns,['minnesota metal']
I Wish,Spiritual Tony,['high vibe']
get home safely,boyband,['indie hip hop']
Pestilence,XaeboR,"['brostep', 'dubstep', 'gaming dubstep', 'riddim dubstep']"
Point Of No Return,Sarah Hobbs,['texas country']
Simple Man (Acoustic Piano Version),J2,['rebel blues']
A Fool (Remastered),River Ratts,['chicano punk']
Bionic Man,DJ.Fresh,['west coast trap']
You Are Loved,Brendan Abernathy,['athens indie']
Dancin' In September - Original Mix,The Pharmax Boys,['electronica peruana']
The Flower (feat. Victoria Canal),Michael Franti & Spearhead,['reggae fusion']
Lil Boy,Battz,['christian trap']
Man in the Mirror,The UVM Top Cats,['college a cappella']
Jumpy Jumpyish (Live),Jon Snodgrass,['acoustic rock']
Watching Me,Killa Kyleon,"['dirty south rap', 'houston rap']"
I'll Get Mine Too,Outlander,['doomgaze']
I'm Melting,Serpentfoot,['denver indie']
カンフーミラクル~愛~,FES☆TIVE,['j-pop girl group']
Through the East Gate,Andy Leftwich,['mandolin']
One Hundred (feat. HIGH HØØPS),Roland Tings,['aussietronica']
X2,Sirius,['armenian hip hop']
Spiritual Practice,Zen,['zen']
Seasons,DyMe-A-DuZiN,['nyc rap']
Woodlant Ambience,Mindfulness Meditation Guru,['mindfulness']
Stables - Live,Conspirare,"['american choir', 'choral', 'contemporary choir']"
Sweet Friend,Babylawns,"['new england emo', 'new hampshire indie']"
F My X,Freeza Boy,['arkansas hip hop']
Retaliation (feat. Mozzy & E Mozzy),Lil Blood,"['cali rap', 'oakland hip hop']"
Himinn,TRPTYCH,['icelandic electronic']
Cherries and Blueberries,Mary Jane Junkeez,['san diego rap']
The Problem (Lies in My Son and Wife),Hot Dad,['ann arbor indie']
We Is Big People,Spectrum Band,['virgin islands reggae']
I'm Alright,The Scouts,['lancaster pa indie']
Who Do You Love? - Live at the Triple Rock,the 4onthefloor,['minneapolis indie']
James Bond,Iggy Pop,"['alternative rock', 'glam rock', 'permanent wave', 'protopunk', 'rock']"
Devil's Eyes (feat. Bryan Long),The Devil Himself,['downtempo deathcore']
"Adagio for Strings, Op. 11",Boston Symphony Orchestra,"['american orchestra', 'orchestra']"
Off Top,Big Von,['west coast trap']
But Cha (feat. Josh Golden),KYLE,"['deep underground hip hop', 'indie pop rap', 'meme rap', 'pop rap', 'viral trap']"
Vinyl Viernes,Veronique Medrano,['new tejano']
Sleigh Ride,Idina Menzel,"['hollywood', 'movie tunes', 'show tunes']"
Drowning In the Thought of You,DM Galaxy,['gaming edm']
We Need a Little Christmas,Indianapolis Children's Choir,['american choir']
Leave the Light On,Sean McConnell,['folk-pop']
Concerto: I. Allegro Moderato,Richard Stoelzel,['classical trumpet']
Good Night Sleep,Mindfullness Meditation World,['mindfulness']
El Guayaboso (Live),Mansfield University Concert Choir,"['american choir', 'university choir']"
In the Springtime (Hannah's Song),Luke Metzler,['rochester ny indie']
New York,Amanda Anne Platt & the Honeycutters,"['asheville indie', 'southern americana']"
U Got It,Goodbye Honolulu,['toronto indie']
Deep Meditation,Guided Meditation Music Zone,['meditation']
Facts And Lies,Jon Stork,"['classic texas country', 'red dirt', 'texas country']"
Tracing Paper,Spa & Spa,['sleep']
People On The High Line - Hybrid Remix,New Order,"['alternative rock', 'dance rock', 'madchester', 'new romantic', 'new wave', 'permanent wave', 'post-punk', 'synthpop', 'uk post-punk']"
Play With Me,Bandingo YGNE,['meme rap']
3000 Shots Until I Can Be Without You,Sleepy Dog,['midwest emo']
The Lament - Live at Södra Teatern,Tribulation,['swedish metal']
Everywhere I Go (feat. Kool John),William Genaro,['oakland hip hop']
The Forest Didn't Used to Be Here,OSC,['synthwave']
U Kapi Tvoje Ljubavi,Marko Kutlić,['croatian pop']
Menu 1,OSRSBeatz,['pixel']
He Can Save the World,Nathan + Rachel,['apostolic worship']
Hurricane,Jake Bush,"['classic texas country', 'red dirt']"
Butterflies,JuanHunnit,['dmv rap']
Inside Ya,Chris Blue,['deep talent show']
Wisdom Dub,The Revolutionaries,"['dub', 'reggae', 'roots reggae']"
World Renown - Instrumental,Mr. Lif,"['abstract hip hop', 'alternative hip hop', 'boston hip hop', 'conscious hip hop', 'east coast hip hop']"
Di Que No Me Dejaras,Diamantes Azules,"['deep norteno', 'musica potosina']"
you're with me,Nafeesisboujee,['bedroom r&b']
Bustling Modern City,City Sounds for Sleeping,['sound']
Murda,PlayboyXO,['bounce']
Cyber Trip,Sergey Zubarev,['epicore']
badcharlotte,Mourning Run,['chill abstract hip hop']
Limehouse Blues,The Georgia Washboard Stompers,['washboard']
Kill That Shout,Sporting Life,['fluxwork']
Soothing White Noise Thunderstorm,Thunderstorm Sound Bank,"['environmental', 'water']"
Saltwater Gypsy,Aubrey Wollett,['trop rock']
Mr. Krabs,Belushi Speed Ball,['kentucky metal']
Lost in Translation: Le Tour Du Monde #9 Tokyo,Lucas Mayer,['indie paraense']
Why You Stressn feat. Yung Fam,Lil Koo,['texas latin rap']
Jeka,Razni Izvođači,['starogradska']
FREE SMOKE PT2,Lil juan,['dmv rap']
Escrito VIII,Andrea Cruz,['puerto rican indie']
Feeling Good,Yoga Nidra,['yoga']
Pay Me (feat. Mike Sherm & P.T. Mulah),Shawn Rude,['san diego rap']
Mike Amiri (feat. Icewear Vezzo & BandGang Lonnie Bands),Drego,"['detroit hip hop', 'detroit trap']"
stone bomb,Total Fucking Destruction,['grindcore']
John Doe,LBS Kee'vin,['florida rap']
JUDGEMENT - Full Version,spirental,['pixel']
Before I Sleep,Abbie Strauss,['judaica']
Reeling,The Patti Fiasco,"['wyoming indie', 'wyoming roots']"
Hold On Tight - Tommy Jayden Remix,R3HAB,"['dutch house', 'edm', 'electro house', 'pop dance', 'progressive electro house', 'slap house']"
Zoned (Intro Shit),Regional Overlord Sterling Silver,['meme rap']
Blind Faith,Nappy Roots,['dirty south rap']
Last Christmas,Midnite String Quartet,['bow pop']
Mother Night,A Sense of Purpose,"['american metalcore', 'metalcore']"
Up Now - Chopped & Screwed,Big Jade,['trap queen']
Walk Home,Leah Blevins,['kentucky roots']
Why I Love u...,Quentin Miller,"['atl hip hop', 'canadian hip hop', 'indie hip hop', 'underground hip hop']"
Be Great,Diablo,['chicano rap']
All Eyes on Us,Dee Cisneros,['bay area hip hop']
"Cry for Love Remix (feat. Jay Alams, Giuseppe D. & Carlos Berrios)",George Lamond,['freestyle']
Bonnie,Just Matthew™,['pinoy trap']
Wages - Everything Everything Remix,Bad Sounds,"['english indie rock', 'funktronica']"
Lala Is All Icicles,Jaill,['milwaukee indie']
I Know You Heard (feat. Blvd Marc & Chino Dollar),Yung Joc,"['atl hip hop', 'crunk', 'dirty south rap', 'southern hip hop', 'trap']"
Smoking Outside,Dollar Signs,"['charlotte nc indie', 'folk punk']"
That Lovin',Armchair Boogie,['jamgrass']
Dust,Overhand Sam,['rochester ny indie']
What About Her,J.Wright,['pop r&b']
Nasu (Psalms 93:3-4),Micah Shapiro,['judaica']
Wages - Everything Everything Remix,Bad Sounds,"['english indie rock', 'funktronica']"
Brother (feat. MVP),Peter Clarke,['c64']
Wasted,Lindy Vision,['albuquerque indie']
Save the Queen,Elènne,['vapor twitch']
Floating: Piano Music for Sleep,Greg Maroney,['new age piano']
Till I Get It Right,Ray Stevens,"['classic country pop', 'novelty']"
Safe Till Tomorrow - Pegboard Nerds Extended Remix,Morgan Page,"['edm', 'electro house', 'pop dance', 'progressive house']"
Outer Haven,Notions,['nu-metalcore']
The Parting of the Ways - Remastered,Tommy Duncan,"['cowboy western', 'western swing']"
Horseshoes & Hand Grenades,Close Enough,['atlanta punk']
gelato pacc!,lilwaterbed,['aesthetic rap']
Majorca,Ford Theatre Reunion,['lexington ky indie']
Let's Build a House,Priscilla Renea,['black americana']
He Aloha Waiau,Waipuna,['hawaiian']
What's a Soul,il Westo,['lo-fi rap']
Copperhead,Uh Oh,['omaha indie']
That Guy,Salaam Remi,['hip hop']
No Limit (feat. AKTHESAVIOR),Woodie Smalls,['belgian hip hop']
Calm Sea,Nature Sounds,"['environmental', 'sleep', 'water']"
Level Up,Ali Tomineek,['conscious hip hop']
Round Here,NugLife,['underground boom bap']
I Got Moves (#UsherRaymond) [feat. C-White],Latto,['trap queen']
March Thunder & Rain For Sleep,Thunderstorm,"['environmental', 'sleep']"
"Wildfires Near Me, Hooting Owls in the Night",Relaxation Meditation Songs Divine,['sleep']
Mood for Zen Gaya and Rain Sounds - Piano New Age,Nature Sounds,"['environmental', 'sleep', 'water']"
Japanese Zen Garden Music (Koto Music of the Shore),Shakuhachi Sakano,['sleep']
Traditional Rituals,Meditation Music Zone,['sleep']
Empathy,We Are The Movies,['columbus ohio indie']
Re-Up,Natasha Mosley,['pop r&b']
"Divertimento in F Major, K. 213: III. Menuetto",Wolfgang Amadeus Mozart,"['classical', 'classical era']"
The Murders in the Rue Morgue (Part 2).9 - The C. Auguste Dupin Trilogy,Edgar Allan Poe,['poetry']
A Legend of a Violet Soul - Piano & Strings Version,Vladimir Sterzer,['commons']
Crawl Back,Holiday Mountain,['austindie']
Groove Me,Roberta Flack,"['adult standards', 'classic soul', 'disco', 'quiet storm', 'soft rock', 'soul', 'vocal jazz']"
Si me dices que sí,Laura Naranjo,['cover acustico']
The Best of Us,New Lingo,['stl indie']
Rain Sounds - Zen,Asian Zen Spa Music Meditation,"['spa', 'zen']"
Fire Down There,Duck Baker,['fingerstyle']
Without You,Jay Isaiah,['canadian contemporary r&b']
Get Home,Chi Rho,['christian a cappella']
Up in da Pocket,Suga Free,"['g funk', 'west coast rap']"
Daily Routine,Starlito,"['nashville hip hop', 'tennessee hip hop', 'trap']"
San Diego,Damu,['san diego rap']
Used To Love (DJ Workout Mix),DJ ReMix Workout Factory,['workout product']
Talk Like That,The Weeks,['mississippi indie']
Circle 11,Foam and Sand,"['ambient synth', 'organic ambient']"
Te Entrego Mi Corazón,Veronique Medrano,['new tejano']
Shootist,Tapri Grams,['westcoast flow']
Hell Yeah (feat. Sloppy Jones & Moccasin Creek),Chad Mac,['country rap']
Another You,Miles Jaye,"['contemporary r&b', 'new jack swing', 'post-disco', 'quiet storm', 'urban contemporary']"
Inland Battle,Bjørn Lynne,['demoscene']
Making It Up,Bob Schneider,['alternative americana']
Gonna Give to Ya - 2015,Saga,['progressive rock']
Stabat Mater: Ouverture,Jan Zach,"['baroque', 'bohemian baroque']"
Entre Linhas,WWL Rap,['rap baiano']
Hosanna,Shane & Shane,"['ccm', 'christian alternative rock', 'christian music', 'roots worship', 'worship']"
Breathing Exercises,Mantra Yoga Music Oasis,['yoga']
Talking That Talk,Jae Millz,"['battle rap', 'harlem hip hop']"
Keep That,Goodbye Tomorrow,['underground hip hop']
Glow,Gavin James,['irish pop']
Talisman,Ligature Marks,['portland metal']
Te Quiero Ver,Klaxel,['trap colombiano']
Murder Charge (feat. Ty Dolla $ign),Verse Simmonds,['pop r&b']
The Highwayman,Jeff Dayton,['trop rock']
Tequila Salt and Time,David Adam Byrnes,"['arkansas country', 'classic texas country', 'red dirt', 'texas country']"
Occult,High Zombie,"['dubstep', 'gaming dubstep']"
Yêu Thương Rời Xa - Remix,Ưng Hoàng Phúc,['v-pop']
Idol Queen,The Kaseta,['azeri rap']
Weird Florida,Camp Trash,['5th wave emo']
Straw to the Pile,One Ton Pig,['wyoming roots']
Geek It Up,10k.Caash,"['dfw rap', 'viral rap']"
4U - Original Mix,Maor Levi,"['progressive house', 'progressive trance', 'uplifting trance']"
Heaven in Hell,Almost People,['north carolina emo']
Fragile Existence,Frozen Night,['otacore']
Xe Mana Bella - Fredy's Vocals Mix,Boddhi Satva,['afro house']
Kon Sa Yé La,Kolektif An Wout,['zouk riddim']
Hit Me Like That Snare - Shade / Code Orange Remix,alt-J,"['indie rock', 'indietronica', 'modern alternative rock', 'modern rock', 'rock']"
Hate You to Death,Leticia Gore,['horrorcore']
Favor,David Frazier,['praise']
Renew Your Mind,Reiki Music Zone,['reiki']
A New Part of Life,Dan Romer,['soundtrack']
On You,Snailmate,['phoenix indie']
Sugar Bomb,Destroy Orbison,['texas punk']
Control Me,MyCrazyRO,['westcoast flow']
SPITSWAP,oddyssi,['emoplugg']
Mudskipper Melody,OSRSBeatz,['pixel']
Koco Bureng,Wafiq Azizah,['sholawat']
A Beautiful Day,Djsneverendingstory,['trap beats']
Good Times,Big Freedia,"['bounce', 'escape room', 'lgbtq+ hip hop', 'new orleans rap', 'trap queen']"
33 Shots,Tired4ki,['dmv rap']
Every Note the Heart Can Play,C Lanzbom,['judaica']
Pick & Roll,Snap Dogg,['detroit trap']
Wait On It,Mark Battles,"['canadian hip hop', 'indiana hip hop']"
High Rise - Chopped Not Slopped,OG Ron C,"['chopped and screwed', 'houston rap']"
2 CLOSE (feat. Drew York),Gideon,"['alabama metal', 'american metalcore', 'christian metalcore', 'deathcore', 'melodic metalcore', 'metalcore']"
"homura (Morning Beauty Piano Cover)(Stella Sol Chill Groove Remix) - From The Movie ""Demon Slayer: Kimetsu no Yaiba""",Circle of Notes,['bgm']
Outré,Krankbrother,['deep techno']
3000 Shots Until I Can Be Without You,Sleepy Dog,['midwest emo']
Dirty Gals,Ron Josol,['canadian comedy']
Watch the Way,Pearlene,"['alternative roots rock', 'modern blues rock']"
"Symphony No. 4 in A Major, Op. 90, MWV N16 ""Italienische"": I. Allegro vivace",Felix Mendelssohn,"['classical', 'early romantic era', 'german romanticism']"
Different Room,OnFully,['detroit hip hop']
"20 Mélodies, Op. 21: No. 13, Absence",Georges Bizet,"['classical', 'french opera', 'french romanticism', 'late romantic era']"
Everything,Ha Ha Tonka,"['kc indie', 'springfield mo indie']"
"Back to the Bars, Pt. 2",DJ Kay Slay,['battle rap']
Ratchet Taste In Women,KINGMOSTWANTED,"['cali rap', 'viral rap', 'westcoast flow']"
Human (IV Fridays),Brooke Fraser,"['nz christian', 'nz pop']"
Remember When,Austin Upchurch,"['classic texas country', 'red dirt']"
Now & Next,Jay Fizzle,['memphis hip hop']
Last Minute,New Circle,['oakland indie']
"Amsterdam, Zo Zie Ik Je Graag",Sjors Van Der Panne,['dutch pop']
"Beethoven: Piano Sonata No. 1 in F Minor, Op. 2 No. 1: I. Allegro",Ludwig van Beethoven,"['classical', 'classical era', 'early romantic era', 'german romanticism']"
Il Volo,Deep Sleep Relaxation,['sleep']
Bourbon on a Broken Heart - Empty Bottle Edit,Jacob Powell,['country pop']
Youtuber Diss Track,Daddyphatsnaps,"['anime drill', 'anime rap']"
I Am a Junkee,Phunk Junkeez,['rap rock']
A Cold Play,Dormir Mejor Academy,['musica de fondo']
Won It All,NTY MAGNIFY,['apostolic worship']
Se Que Te Va a Doler,18 Kilates,"['cuarteto', 'cumbia pop', 'cumbia villera']"
Neptune Soul Charge,Buenos Diaz,['austin rock']
"When Can Our Love Begin - Earl TuTu, John Khan & Dj Spen One Kiss Dub",Kimara Lovelace,"['deep house', 'vocal house']"
Starry Night,Sweet Angel,['southern soul blues']
Rain Sound: Forest Chill,Rain,['rain']
ASMR - Ear massage with lots of honey_pt1,ASMRbyABC,['asmr']
"Deep Dark Galaxy (From ""Super Mario Galaxy"")",Whaleinator,['rhythm game']
As the Sky Melts,Michael Michaelson,['focus beats']
Where You Used to Be,The Apartments,['melancholia']
Popurri Pa' Mojar Garganta - En vivo,La Descendencia De Rio Grande,['norteno-sax']
Rich Dope Fiend,Big Homie DreCash,['milwaukee hip hop']
War with Me (feat. Nef the Pharaoh & Yhung T.O),Kt Foreign,['cali rap']
Delta Waves to Break Through Insomnia,Asian Zen Meditation,['zen']
Davey,Royal Sons,['fort worth indie']
No Lighter,Mozzy,"['cali rap', 'sacramento hip hop']"
Trust None,Rico 2 Smoove,"['bay area hip hop', 'cali rap', 'sacramento hip hop']"
How Sweet It Is,Zach Deputy,"['jam band', 'one-person band']"
九歌·东皇太一,Winky诗,['zhongguo feng']
Catch the Wind - Northeast Kingdom Remix,High Highs,['shimmer pop']
Querencia,Solarstone,"['progressive house', 'progressive trance', 'trance', 'uplifting trance']"
Take Control,Anneston,['lao hip hop']
Freeverse 2,Ekoh,['indie pop rap']
Tweedjall,Ernie Johnson From Detroit,['cincinnati indie']
Y Me Da Vergüenza,Norteñisimo Zierra Azul,['norteno-sax']
Rover - GleeshMix,Fat Trel,['dmv rap']
Box,Shabazz PBG,['dmv rap']
All the Love You Left Me - Acoustic,Sara Evans,"['contemporary country', 'country', 'country dawn', 'country gospel', 'country road']"
Company Clothes,Cole Scheifele,['modern indie folk']
Big Dawg,Aaron Dews,"['christian hip hop', 'christian trap']"
King Of Kings,Arkansas Gospel Mass Choir,['praise']
Das Wettersteiner Mandl,Quadro Nuevo,['tango']
Campfire - Audiotree Live Version,Long Neck,"['5th wave emo', 'new jersey indie', 'small room']"
Cyberpink,Scraton,['otacore']
Safety,WEVLTH,['wave']
Erviv,Enoid,"['autonomous black metal', 'swiss black metal', 'swiss metal']"
Retro Goes Off !!! *Thanks For 9K*,Tae Retro,['meme rap']
Pressure (feat. Lil Chicken),Gwapo Chapo,['milwaukee hip hop']
My Ex Came Back For Xmas,John Major,['finnish techno']
Pussy,Tone Trump,['philly rap']
Escape Pod,Raw Thrills,['popgaze']
Life Of My Love,Jody Booth,"['classic texas country', 'red dirt']"
Too Real,FIDLAR,"['indie garage rock', 'noise pop']"
Distant Rain,Echoes Of Nature,['environmental']
Do You Think About Me,Caitlyn Smith,['country pop']
Calming Sounds for Trouble Sleeping,Deep Massage Tribe,['massage']
Bye,Jhameel,['shimmer pop']
Scooby Doo Pa Pa (Remix),Dj Kass,['chilean hardcore']
Anger & Grace,My Brothers And I,['indiecoustica']
Bare Hands Bare Feet - Demo,The Bright Light Social Hour,"['austin rock', 'austindie']"
Prince - Melodic Chill Hip Hop Beat Mix,LOOPGOONZ BEATS,['beats']
I'll Always Be There,Lonnie Spiker,['deep contemporary country']
Niagara Falls Noise,Cats Music Zone,['pet calming']
Look Up to Me,3xbravo,['indie hip hop']
Thursday,Daniel Weatherspoon,['praise']
Pile Driver,Supatight,['asheville indie']
Tears in the Rain,It It,"['collage pop', 'pittsburgh indie']"
Raid The Convent,Nunslaughter,"['black death', 'black metal', 'death metal', 'deathgrind', 'pittsburgh metal']"
I Am Not American,Kāwika Aspili,['jawaiian']
Por Que No,Los Caporales de Chihuahua,['musica chihuahuense']
Movin & Groovin (feat. Polo 2G),Yung Joc,"['atl hip hop', 'crunk', 'dirty south rap', 'southern hip hop', 'trap']"
Days in Repetend,Spooky Cigarette,['san diego indie']
"Leaving Time - Live In Los Angeles, Ca 2016",Jam in the Van,['west coast reggae']
Good Love,Aly & AJ,"['dance pop', 'girl group', 'post-teen pop']"
The Eyes - Ternion Sound Remix,ENiGMA Dubz,"['chillstep', 'classic dubstep', 'deep dubstep']"
Alive,Doll Baby,['virginia punk']
Painting On Your Face Pt.2,Luna Bloom ASMR,['asmr']
Salt Spray Sea,Ocean Waves For Sleep,"['environmental', 'sleep']"
That Spirit of Christmas,JJ Weeks Band,['ccm']
Negus Poem 1 & 2,keiyaA,"['alternative r&b', 'experimental r&b']"
Afternoon Reflection,Robert C. Fullerton,['connecticut indie']
Kenge per Kol Zef Uken,GJOVALIN SHANI,['cifteli']
Insomnia Cure,Relaxing Zen Music Therapy,"['therapy', 'zen']"
"Songs of Farewell (Arr. M. Knight for Brass Septet): No. 4, There Is an Old Belief",Septura,['brass ensemble']
Yin Yoga Music,Oasis of Relaxation and Meditation,['meditation']
Mama Don't Allow It - Live,Bunny Berigan,"['big band', 'jazz trumpet', 'swing', 'vintage jazz']"
Nonna Removes The Malocchio From You Pt.2,The White Rabbit ASMR,['asmr']
Always Thinking of You (Instrumental),Engelwood,['chillhop']
Raro presagio - Remastered,Lino Borges,['bolero cubano']
Tell U Dat - Remix,Trouble,"['atl hip hop', 'memphis hip hop', 'trap']"
1 John 4:9,Awana,['vbs']
More Than You Know,Motherfolk,['cincinnati indie']
Train To Zion,Linval Thompson,"['dub', 'reggae', 'rocksteady', 'roots reggae', 'uk dub']"
Laska z bloku,El Nino,['czech hip hop']
Get Blowed,Worldwide,['san antonio rap']
Last Minute,Molly Brazy,"['detroit trap', 'trap queen']"
Over It (Cedric Gervais vs. Drax Project),Drax Project,['nz pop']
Night by the Lake,Relaxmydog,['pet calming']
Iron Lion Zion,Rude Boy George,['reggae cover']
Pink Heart - Yoste Remix,Meadowlark,['vapor pop']
PAPER ROUTE,Old Grape God,['portland hip hop']
Late Night Study Aid,Study Music & Sounds,['sleep']
Nothing Nice to Say,Mogli the Iceburg,"['christian hip hop', 'christian trap']"
Stuck in '96,The Big News,"['modern ska punk', 'norman ok indie']"
Lay My Head Down and Cry,Man About a Horse,['neo-traditional bluegrass']
Moonlight,Seejayxo,['emo rap']
Excelsior Sex,Sex Music Zone,['erotica']
Little Kings,No Dice,['columbus ohio indie']
Alive at the Same Time,Matthew Milia,['detroit indie']
Kitchen,Ismo Z17,['rap francais']
Deep Elem Blues - Live,Jerry Garcia,"['country rock', 'jam band', 'jamgrass', 'roots rock']"
Sleep Music,Music For Absolute Sleep,['sleep']
Pretty Enough,Halogens,"['asbury park indie', 'diy emo', 'new jersey indie']"
Los Scanners,Brytiago,"['reggaeton', 'trap latino', 'urbano latino']"
"Bands & Bows, Pt. 1",Wavytheking,['kentucky hip hop']
This Thing,The Rust Belt Brigade,['buffalo ny indie']
Lotus,Bryan Divisions,['spiritual hip hop']
No Le Digas,Skarlet Official,['reparto']
Cugins,Chubs,"['boom bap', 'drumless hip hop']"
In the Year of Jubilee,The Duskwhales,['dc indie']
Hit Me Like That Snare - Shade / Code Orange Remix,alt-J,"['indie rock', 'indietronica', 'modern alternative rock', 'modern rock', 'rock']"
Just One Look,Doris Troy,['northern soul']
"Sonata No. 3 in E-Flat Major, Op. 12 No. 3: I. Allegro con spirito",Ludwig van Beethoven,"['classical', 'classical era', 'early romantic era', 'german romanticism']"
Chapter 2.3 & Chapter 3.1 - Ezra,Christopher Glyn,['bible']
Born To Do This,OSRSBeatz,['pixel']
Carry On,Marcel P. Black,['baton rouge rap']
My Kind of Place,Cannon Brand,['texas country']
Rice,Winston,['modern indie pop']
need u more,SHADED,['uk pop punk']
Put Some Country in Your Country,Cory Jackson,['arkansas country']
The Coral Snake Hates His Neck,Derrick Brown,['slam poetry']
Blue Rag (feat. Nipsey Hussle & Ad),Gijoe_omg,['west coast trap']
Get Together (Inst.),Ak Dan Gwang Chil,"['joseon pop', 'k-indie']"
Gingerbread House,Tammie Brown,['strut']
Gran Jefe,PG RA,['south carolina hip hop']
Namaste,Buddhist Meditation Music Set,['meditation']
Teen Rebel,954mari,['anime rap']
OPF,The Dead Coats,['texas punk']
You Want It Too,Harbor & Home,['indiecoustica']
Mike Amiri (feat. Icewear Vezzo & BandGang Lonnie Bands),Drego,"['detroit hip hop', 'detroit trap']"
"Backwards Blues (30 Days, 30 Songs)",Adia Victoria,"['alternative americana', 'black americana', 'folk', 'roots rock']"
nitecap,resort realism,['alabama indie']
Royals (8D Audio),creamy,"['sad lo-fi', 'slowed and reverb', 'sped up']"
Never a Day,The Hedgerow Folk,['christian indie']
Uzi,Bunbun Beats,"['beats', 'trap beats']"
URKLE (feat. Rucci & Leeky Bandz),1takejay,"['cali rap', 'westcoast flow']"
Cheap Perfume (feat. Pleasant Pictures),Strange Familia,['slc indie']
What Happens?,The LOX,"['dirty south rap', 'east coast hip hop', 'hardcore hip hop']"
CANCELLED,Bry Greatah,"['philly drill', 'philly rap']"
Bitch I'm Lit,Rubberband OG,['alabama rap']
"I'd Rather Be Me (From ""Mean Girls"")",Cristina Vee,['otacore']
Tu Estupida Aventura,"Edgar Aguilar ""El Narquillo""",['corridos clasicos']
WTF,Robb Bank$,"['cloud rap', 'dark trap', 'miami hip hop', 'underground hip hop']"
The Shadow of Your Smile,Terry Gibbs,['jazz vibraphone']
Calm New Age,Sleep Sound Library,"['environmental', 'sleep']"
Love Goals,Indii G.,"['lo-fi chill', 'sad rap']"
Siempre Te Espero,Los Coyotes,['classic colombian pop']
Negative One,Rich NuNu,['brooklyn drill']
Back Then,Yb4l,['san diego rap']
Extraordinary Sounds for Bebes Especialistas and Naturalis,ASMR Rain Sounds,"['asmr', 'environmental']"
Thoroughbreds,Darren Fung,['deep soundtrack']
"High Upon The Mountain - Live Session, Los Angeles, CA, 2019",Jam in the Van,['west coast reggae']
What Can I Say,The Squarshers,"['arkansas indie', 'jamgrass']"
Aloha Summer Time,Typical Hawaiians,['jawaiian']
Automatic (Remix),Lucian,['vapor twitch']
El Portón / El Pantalón / Que Nadie Se Vaya,Manny Trinidad,['cuatro puertorriqueno']
Send It,Opiuo,"['glitch', 'glitch hop', 'nz electronic']"
Sakura,Oran Etkin,"['balafon', 'israeli jazz']"
Thunderstorm Sound Effect,Thunderstorm Sound Bank,"['environmental', 'water']"
T Shirt - Original,DJ Pro Code,['chopped and screwed']
Vos y Yo,NAUEL,['indie cordoba']
Show Me,P3,['ohio hip hop']
You Fire Me Up,Davina Joy,['bay area hip hop']
Watchu Looking At,Stoned Level,"['dubstep', 'gaming dubstep', 'riddim dubstep']"
My Old Bike,Gustafer Yellowgold,['kindie rock']
